No.,SMILES,-HOMO/eV,-LUMO/eV,Eg/eV,α,μ
1,Cc1cc2c(s1)-c1cc3c(c(C)c1C2(C)C)-c1sc(C)cc1C3(C)C,5,1.36,3.64,342.971,0.195243
2,CCCCCCCCCCCCCCC(C)CCCCCCCCCCCC,7.94,0.01,7.93,343.12467,0.07781
3,CC1c2cc(-c3cc4c5cc6c(=O)n(C)c(=O)c7ccc8c9ccc%10c(=O)n(C)c(=O)c%11cc(c4o3)c(c9c%10%11)c5c8c76)ccc2-c2ccc(-c3cc4c5cc6c(=O)n(C)c(=O)c7ccc8c9ccc%10c(=O)n(C)c(=O)c%11cc(c4o3)c(c9c%10%11)c5c8c76)cc21,6.39,1.44,4.95,139.34103,1.5241
4,CCC#N,8.98,0.4,8.58,39.35133,1.633178
5,Cc1cc2cc3c(ccc4ccsc43)cc2s1,5.59,1.63,3.97,232.939,0.297021
6,CC1=CC2C(=O)N(C)C(=O)C3=CC4=c5c(c1c1ccc6c7c(cc(c5c17)OC4(C)C)C(=O)N(C)C6=O)C32,5.68,3.51,2.17,451.18167,0.974297
7,COC1=CC2c3cc(OC)ccc3C(C)C2C=C1,5.7,0.83,4.87,192.86533,0.542839
8,CC=Cc1ccc(C)c(C)c1,6.01,0.84,5.17,137.23967,0.257979
9,CC1C(=O)Nc2ccc(Cl)cc21,6.38,1.22,5.16,126.54267,0.641514
10,Cc1cc2sc3c(c2[se]1)C(C)(C)c1cc2c(cc1-3)C(C)(C)c1c-2sc2cc(C)[se]c12,4.67,1.99,2.68,454.158,1.170375
11,Cc1ccc(-c2sc(C)c3nc4c(nc23)-c2cccc3cccc-4c23)s1,5.24,2.57,2.67,380.60667,0.462078
12,CN1C(=O)c2cccc3cccc(c23)C1=O,6.83,2.81,4.02,165.99467,1.58107
13,Cc1ccc(-c2cc3c(s2)c(C)cc2c4cc(C)sc4c(C)cc32)s1,5.39,1.65,3.74,368.76833,0.138302
14,Cc1cc2c([se]1)-c1[se]c(C)cc1C2C,5.76,3.74,2.02,277.948,1.383111
15,CCCCC(CC)CCCC,8.21,-0.08,8.29,134.73467,0.024794
16,CCCCCCC(C)CCCCCC,8.11,-0.02,8.13,170.114,0.107806
17,CC1=C2C(=O)NC(c3cc4ccc(C)cc4cn3)=C2C(=O)N1C,5.46,2.59,2.87,291.876,1.181658
18,CCCCCCC(CCCC)OC(C)=O,7.59,0.11,7.49,163.29367,0.721178
19,CCCCCCCCCCCCC(CCCO)CCCCCCCCCC,7.52,0.22,7.3,322.28733,0.636471
20,Cc1cc2c3c(ccc4c5c6c(c1c43)=CC=C1C(=O)N(C)C(=O)C(C=C5c3cccs3)C16)C(=O)NC2=O,6.04,3.72,2.32,460.027,1.575676
21,Cc1cc2c(s1)C(C)CN2,5.17,0.4,4.77,118.553,0.517071
22,Cc1ccc2c(c1)N(C)C(=O)C2C,6.03,0.75,5.29,139.33133,1.526641
23,CC1c2ccccc2-c2ccccc21,6.08,1.18,4.9,163.83333,0.221817
24,Cc1ccc(C2(C)c3cc4c5cc6c(cc5n(C)c4cc3-c3sc4cc(C)sc4c32)-c2sc3cc(C)sc3c2C6(C)C)cc1,4.92,1.71,3.2,678.38067,0.127422
25,Cc1cc2cc3sccc3cc2s1,5.65,1.32,4.33,174.89333,0.422341
26,CCCCCCCCCCC(CCCC)CCCCCCCCCC,7.92,0.03,7.89,305.586,0.05099
27,c1ccc2nsnc2c1,6.95,2.71,4.24,99.89667,0.81865
28,CC1=CC2C(=O)NC(=O)C3c4sc5c(c4SC3C2S1)c(=O)n(C)c(=O)c1cc(C)sc15,5.98,2.65,3.33,373.79133,2.692771
29,O=Cc1ccccc1,7.34,2.17,5.17,83.45567,1.39904
30,Cc1ccc(C2(C)c3cc(C)sc3-c3[se]c4cc5c6c([se]c5cc4c32)-c2sc(C)cc2C6(C)C)cc1,4.91,1.89,3.02,515.98933,0.610554
31,CCCCCCCCCCCCCCOC(=O)CCCCCN,6.76,0.16,6.59,255.879,0.993233
32,CN1C(=O)C2=CC(c3cc4c(=O)n(C)c(=O)c5cc6[se]c7cc8c(=O)n(C)c(=O)c9ccc%10c3c(c45)c6c7c%10c98)c3c4c5c6c(cc7[se]c8cc(c2c3c8c75)C1=O)C(=O)NC(=O)C6=CC4,5.89,4.21,1.68,875.50667,1.371884
33,Cc1cc2c(s1)-c1sc(C)cc1C(=O)CC2=O,6.18,2.85,3.33,210.02167,2.038903
34,CCCCCCCCCCCCCCCCC,8.25,-0.04,8.3,207.76,0.050061
35,Cc1cc2c(s1)c1sc3c(c1n2C)C(C)(C)c1cc2c(cc1-3)C(C)(C)c1c-2sc2c3sc(C)cc3n(C)c12,4.55,1.54,3.01,615.34167,0.155129
36,CCCCCCCCCCCCCCCC[Ge],6.17,2.87,3.3,231.973,0.697779
37,Cc1cc2[se]c3c(c2s1)C(C)(C)c1cc2c(cc1-3)C(C)(C)c1c-2[se]c2cc(C)sc12,5.09,1.87,3.22,468.60067,0.818491
38,Cc1sccc1F,6.53,0.82,5.72,73.40933,0.403151
39,CCCCCCC(CN)CCCC,6.47,0.03,6.43,156.45167,0.679805
40,C=C1Cc2cc(OC)c(F)cc2C1=O,6.73,2.3,4.43,142.508,2.500833
41,CCCCCCCCCCCCCCCCCCC,8.11,-0.02,8.12,231.50433,0.072351
42,COCCO,7.33,0.07,7.26,48.10633,1.17368
43,CCCCCCCCCCC(CCCC)CCCCCCCCC,7.97,0.01,7.96,292.919,0.078072
44,CCCCCCCCOCCOCCOCCCCON,6.7,0,6.7,224.465,0.726677
45,C=C1C(=O)N(C)C(=O)N(C)C1=O,7.68,2.94,4.74,105.021,0.107864
46,Cc1ccc2c(c1)C(C)c1cc3c(cc1-2)C(C)c1cc(-c2ccc(C)s2)ccc1-3,5.34,1.64,3.7,416.18733,0.17384
47,Cc1cc2sc3c4sc(C)c(C)c4sc3c2s1,5.36,1.4,3.95,247.19933,0.2073
48,Cc1c2c(cc3nn(C)nc13)N=S=N2,5.95,3.08,2.87,161.048,1.293122
49,CCCCCC[Si](C)(O[Si](C)(C)C)O[Si](C)(C)C,7.17,0.42,6.75,232.88267,0.843625
50,CCCCCCCCCOC(C)=O,7.69,0.09,7.6,139.66167,0.827122
51,CCCCCCCC[Si](C)(CCCCCC)CCCCCC,7.4,0.18,7.22,281.07433,0.175493
52,CC#Cc1c2ccc(C)cc2c(C)c2ccc(C)cc12,5.18,1.97,3.21,270.14733,0.068213
53,COCCOCCOCCOCCCCCCCN,6.61,0.11,6.5,198.984,1.023595
54,Cc1cc2c3nc4cc(F)c(F)cc4nc3c3ccsc3c2s1,6.05,2.86,3.19,285.74467,1.129877
55,CCCCCC#N,8.91,0.3,8.6,75.26533,1.604935
56,Cc1cc2c(=O)n(C)c(=O)c3ncsc3c2s1,6.6,2.65,3.95,193.19467,2.280987
57,Cc1c2nccnc2c(C)c2nsnc12,5.8,2.03,3.77,182.72233,1.686236
58,C=Cc1ccc(C)cc1,6.18,1.23,4.95,111.74067,0.221617
59,CCCCCCCCCCCC[Ge],7.93,0.25,7.68,177.17233,0.314893
60,CCCCCCCN,6.58,-0.01,6.58,95.59267,0.561052
61,CCOCCOCOC,6.97,-0.09,7.06,88.574,0.647837
62,CCCCCCCCCCCCC(C)CCCCCCCCCCCC,7.81,0.24,7.57,318.36333,0.059873
63,Cc1cc2sc3c(c2s1)C(C)(C)Oc1cc2c(cc1-3)OC(C)(C)c1c-2sc2cc(C)sc12,5.04,1.89,3.15,477.524,0.084919
64,C=CC1=CC=C(C)C1,5.52,1.38,4.14,102.17133,0.303346
65,CCCCC(CC)OC(C)=O,7.61,-0.01,7.61,115.60033,0.76786
66,Cc1ccc(C2(C)c3c(sc4cc5c6c(sc5cc34)-c3sc4cc(C)sc4c3C6(C)C)-c3sc4cc(C)sc4c32)cc1,4.85,1.93,2.92,676.18567,0.278267
67,CC1=CC2C(C=C1)c1ccccc1C21c2cc(C)ccc2C2C=CC(C)=CC21,5.82,1.09,4.74,311.56833,0.102788
68,Cc1c(F)ccc2nsnc12,6.87,2.76,4.11,112.912,0.222232
69,C#[N+],5.52,0.29,5.23,91.82433,0.371657
70,Cc1cc(-c2cccs2)cs1,5.84,1.26,4.58,145.53833,0.675011
71,Cc1cc2sc3c(c2s1)C(C)(C)c1cc2c(cc1-3)C(C)(C)c1c-2sc2cc(C)sc12,4.98,1.68,3.3,460.85367,0.047494
72,Cc1cc2c(Cl)c3c(cc2s1)C(C)C(=O)N3C,6.02,1.33,4.69,200.74567,1.622676
73,CC1=C2NC(=O)C(C)=C2N(c2ccc(C)cc2)C1=O,6.25,2.5,3.76,206.53,0.484428
74,CCCCCCCCCCCCC(CCC)CCCCCCCCCC,7.78,0.07,7.71,314.628,0.073125
75,CCCCCCCCCCCCC(CCCC)CCCCCCCCCC,7.95,0.05,7.9,328.08333,0.07619
76,CCCCCCCCCCCOC,7.01,0,7.01,150.77533,0.5581
77,CCCCC[Si](C)(O[Si](C)(C)C)O[Si](C)(C)C,7.2,0.42,6.78,219.80567,0.703969
78,Cc1ccc(C2(C)c3cc(C)sc3-c3sc4c(c(C)cc5c4cc(C)c4c6c(sc45)-c4sc(C)cc4C6(C)C)c32)cc1,4.91,1.7,3.22,629.33867,0.171025
79,Cc1ccc2c(c1F)N(C)C(=O)C2=C1C(=O)Oc2cc3c(cc21)OC(=O)C3C,6.36,3.56,2.79,319.74667,1.894972
80,C=Cc1ccc(C)c(F)c1,6.39,1.44,4.95,111.31333,0.559905
81,C=Cc1ccc(C)cc1F,6.35,1.31,5.04,111.97833,0.696646
82,Cc1ccc2c(c1)Nc1ccccc1S2,5.27,0.78,4.5,185.59,0.968416
83,CC1=NC2C(C)c3nsnc3C(C)C2N=C1C,6.7,2.04,4.66,183.01667,1.510643
84,Cc1ccc(C2(C)c3cc(C)sc3-c3sc4c(C)c5c(sc6c7c(sc65)-c5sc(C)cc5C7(C)C)c(C)c4c32)cc1,5.13,2.06,3.07,625.878,1.229476
85,Cc1ccc2c(c1F)N(C)C(=O)C2C,6.18,0.89,5.3,138.617,1.400284
86,Cc1ccc2c(c1)C(C)c1cc(C)ccc1-2,5.76,1.03,4.73,195.52833,0.266942
87,CC1=C2C(=O)NC(C)=C2C(=O)N1,5.84,2.34,3.5,121.39467,0.049308
88,CCCCCCCCCCCCCCN,6.57,-0.01,6.59,181.21933,0.511526
89,CCCCCCCCCCCCCCCCCN,6.53,0.05,6.48,215.85867,0.623404
90,COc1c2c(c(OC)c3c1-c1sc(C)cc1C3C)-c1sc(C)cc1C2,5.07,1.37,3.7,326.30333,0.920458
91,CCCCCCCCCCCC(N)=O,7.09,0.24,6.86,157.847,1.418015
92,CCCCCC[Si](C)(O[SiH](C)C)O[Si](C)(C)C,7.24,0.36,6.88,220.48733,0.346148
93,Cc1ccc(-c2cc3c(s2)-c2sc(C)cc2[Si]3)s1,5.29,3.18,2.12,297.44633,0.559377
94,CCCc1ccccc1,6.73,0.4,6.33,105.25333,0.13309
95,CCCCc1ccccc1,6.73,0.45,6.27,116.233,0.13179
96,CC1=C2C(=O)NC(c3ncc(C)s3)=C2C(=O)N1C,5.67,2.84,2.82,218.25367,1.050198
97,CCCCCCCCCCCCCCC(CCC)CCCCCCCCCCCCCC,7.9,0.1,7.81,387.82567,0.065086
98,CCCCCCCCCCC(CCCO)CCCCCCCC,7.36,0.3,7.06,269.46467,0.722217
99,CCCCC(CC)CCC,8.21,-0.09,8.3,121.89567,0.028581
100,Cc1ccc2c(n1)N(C)C(=O)C2C,6.29,1.12,5.16,134.51233,1.501358
101,CCCCCCCCCCC(CC)CCCCCCCCCC,8.01,0.03,7.98,278.718,0.057707
102,Cc1cc2c(C)c3sc(C4=CC5C(=O)N(C)C(=O)C6=CC=c7c(c4c4ccc8c9c(cc(C)c7c49)C(=O)NC8=O)C65)cc3c(C)c2s1,5.6,3.7,1.9,628.78967,1.496883
103,Cc1ccc2ccncc2c1,6.42,1.69,4.73,125.19767,1.241873
104,CCCC(CC)CS,6.45,0.19,6.26,106.52867,0.621849
105,Cc1sc2c(c1C)c1cccc3c1c2c1cccc2c4ccsc4c3c21,5.26,2.95,2.32,378.392,0.618158
106,Cc1cc2c3c(sc2s1)-c1cc2c(cc1C3(C)C)-c1sc3cc(C)sc3c1C2(C)C,4.98,1.89,3.1,317.23,0.255
107,Cc1cc2sc3c4c(sc3c2s1)-c1cc2c(cc1C4(C)C)-c1sc3c(sc4cc(C)sc43)c1C2(C)C,5.16,3.96,1.19,1060.669,0.660511
108,CCCCCCOC,7.03,-0.11,7.15,91.20333,0.526394
109,Cc1ccc(C2(C)c3c(cc4ccc5c6c(cc7ccc3c4c75)-c3sc4cc(C)sc4c3C6(C)C)-c3sc4cc(C)sc4c32)cc1,5.15,1.83,3.32,701.078,0.21551
110,Cc1ccc2c(c1)C(C)C(=O)N2C,5.95,0.76,5.19,139.314,1.373518
111,CC1=C2C(=O)NC(c3cc4sc(C)cc4s3)=C2C(=O)N1C,5.42,2.66,2.75,290.79367,0.782226
112,CC1=C2C=CC(=N2)C(C)=c2ccc3n2[Zn]n2c1ccc2C(C)=C1C=CC(=N1)C=3c1cc(C)cc(C)c1,5.71,3.1,2.61,471.36367,1.643363
113,CC1Sc2c(c3c4c(c5c(c6c4c2CNC6)SC(C)S5)CN(C)C3)S1,5.49,1.25,4.24,345.58233,0.651333
114,Cc1cc(-c2cccs2)c(-c2cc3sc4cc(C)sc4c3s2)s1,5.25,1.98,3.27,378.96033,0.6905
115,CCCCCCCCCCCC(C)CCCCCCCCCC,8.07,0.07,8,278.703,0.056492
116,Cc1cc2nsnc2c(C)c1C,5.46,0.67,4.79,149.19533,1.012088
117,CCCCC(CC)OC=O,7.97,0.33,7.63,103.03767,0.710016
118,Cc1cc2sc3c(c2s1)C(C)c1c-3sc2cc(C)sc12,5.01,1.91,3.09,340.728,0.881025
119,Cc1scc2c1OCCO2,5.88,0.38,5.5,104.87033,0.723906
120,CCCCCCCCCCCCNC,6.11,-0.08,6.2,170.339,0.463343
121,CC1=CC2C(=O)N(C)C(=O)C3N=C(C)SC3C2S1,6.11,1.68,4.43,191.011,1.486088
122,CCCCCCC(CCCC)OC=O,7.92,0.28,7.64,151.20267,0.787367
123,Cc1ccc(C2=CC3C(=O)N(C)C(=O)C4=CC=c5c(c2c2ccc6c7c(cc(C)c5c27)C(=O)NC6=O)C43)s1,5.99,3.68,2.31,476.32567,1.607987
124,C=C1C(=O)c2ccccc2C1=C(C#N)c1cc(F)cc(F)c1,7.25,3.07,4.18,225.96733,1.786561
125,Cc1ccc(-c2cc3c(C)c4sc(C)cc4c(C)c3s2)s1,5.27,1.73,3.54,317.29233,0.274575
126,CCCCCCCOCCOCCOCCOC,6.75,0.02,6.73,190.62633,1.002197
127,CCCCCC[Si]CCCCCCCCN,5.65,2.27,3.38,215.695,0.629722
128,CC1=Cc2c3c(c4cc(C)c5c6c(c(C)cc2c64)C(=O)NC5=O)=CC(C)=C2C(=O)N(C)C(=O)C1C23,5.78,3.33,2.44,427.41733,1.769614
129,CCCCCC(CC)CO,7.37,0.09,7.27,114.08533,0.717768
130,CC#Cc1cc2c3c(ccc4c5c(C)cc6c7c(ccc(c1c34)c75)C(=O)N(C)C6=O)C(=O)N(C)C2=O,6.15,3.68,2.47,463.19633,0.490758
131,Cc1ccc2c(c1)C(C)C1C=CC=CC21,6.02,1.12,4.9,171.057,0.258169
132,Cc1cc(C)c(C)s1,5.92,0.35,5.56,100.62833,0.304129
133,C#CC(C)CO,7.38,0.12,7.26,62.67933,0.653894
134,CN1C(=O)C2=CC=c3c4c(c5ccc6c7c(ccc3c57)C(=O)NC6=O)C=CC(C1=O)C24,5.99,3.84,2.15,388.43333,1.964352
135,CCCCCCCCCCCCC(CCCCO)CCCCCCCCCC,7.58,0.23,7.35,332.57533,0.5344
136,CCCCCCCCCCC[Si],8.1,0.16,7.94,160.351,0.32569
137,FBF,7.97,1.01,6.96,57.50867,1.292221
138,C=C1Cc2csc(Cl)c2C1=O,6.85,2.57,4.28,127.62967,1.790963
139,C=C1Cc2ccc(F)cc2C1=O,7.21,2.59,4.62,118.98533,1.915134
140,CC1=c2c3c4c(n(C)c5cc6c7c(ccc2c7c45)C(=O)N(C)C6=O)=CC2C(=O)N(C)C(=O)C(=C1)C32,5.38,3.65,1.73,454.18033,0.845596
141,Cc1ccc(C2(C)c3cc4c(cc3-c3sccc32)C(C)(c2ccc(C)cc2)c2cc(C)sc2-4)cc1,5.17,1.5,3.67,455.46933,0.423422
142,CCCCCCCCOCCOCCOCCOCC,6.57,-0.03,6.6,215.554,0.790727
143,Cc1c(C#N)c(C#N)cc2nsnc12,4.73,1.55,3.18,178.17833,1.861628
144,CCCCCCCCCCCCCCCCCOC(=O)CCCN,6.67,0.3,6.37,270.06133,1.25818
145,C=C1Cc2cc(Br)c(Br)cc2C1=O,7.19,2.75,4.44,166.001,1.587795
146,Cc1c2nc3c(nc2c(C)c2nc4c(nc12)-c1ccc2c5c(ccc-4c15)C(=O)N(C)C2=O)-c1ccc2c4c(ccc-3c14)C(=O)NC2=O,6.44,3.69,2.75,690.45233,0.395966
147,Cc1ccccc1N1C(=O)c2cc3cc4c(cc3cc2C1=O)C1=Nc2c3cc5cc6c(cc5cc3c3n2B(Cl)n2c(c5cc7cc8c(cc7cc5c2=N3)C(=O)N(C)C8=O)=NC4=N1)C(=O)N(C)C6=O,4.92,2.01,2.9,269.942,3.209161
148,Cc1cc2nc3c4ccc5c6n(c(=O)c7ccc(c(=O)n3c2cc1C)c4c75)C(C)C(C)N=6,6.13,3.4,2.73,409.53867,0.598019
149,CC1=C2N=S=NC2=C(C)C2N=S=NC12,5.46,3.39,2.07,164.933,0.672507
150,C#CC(CC)CO,7.16,1.95,5.22,78.162,1.469145
151,Cc1cccc(C2(C)c3cc4c(cc3-c3sc(C)cc32)C(C)(c2cccc(C)c2)c2c-4sc3c4c(sc23)-c2cc3c(cc2C4(C)C)-c2sc(C)cc2C3(C)C)c1,4.77,1.82,2.95,857.40067,0.281413
152,C=C1Cc2sc3ccccc3c2C1=O,6.52,2.08,4.44,164.96033,1.185603
153,C=C1C(=O)c2ccccc2C1=O,7.19,2.95,4.24,123.82267,1.048356
154,CCCCCCCCCCCCCN,6.56,-0.03,6.59,167.88633,0.440905
155,C=C1Cc2cccc(OC)c2C1=O,6.52,2.08,4.44,139.29967,1.560848
156,C=C1Cc2cc(OC)c(OC)cc2C1=O,6.26,2.27,3.99,163.19733,1.663138
157,C[Ge],5.98,2.42,3.56,119.75633,0.607601
158,Cc1ccc2c(c1)NC(=O)C2C,6.19,0.84,5.35,126.69933,1.545159
159,CCCCCCCCCCCCCCCCCCC(CC)CCCCCCCCCCCCCCCCCC,7.97,0.14,7.83,469.91867,0.119868
160,Cc1c(=O)n2c3ccccc3c3cc(=O)n4c5ccccc5c1c4c32,5.85,3.13,2.72,297.79433,0.399685
161,Cc1ccc(C2(C)c3c(sc4c(C)csc34)-c3sc4c5c(sc4c32)-c2sc3c4c(sc3c2C5(C)c2ccc(C)cc2)-c2sc3cc(C)sc3c2C4(C)C)cc1,3.49,2.71,0.78,1330.38367,0.575786
162,CC(C)CCCC(C)C,8.18,-0.02,8.2,110.88567,0.066765
163,C=C1Cc2cc(Cl)sc2C1=O,7,2.5,4.5,131.10133,1.887113
164,C=C1Cc2ccc(C)cc2C1=O,6.93,2.29,4.64,133.613,1.597613
165,Cc1ccc(C2(C)c3c(ccc4c5c(ccc34)-c3sc4cc(C)sc4c3C5(C)C)-c3sc4cc(C)sc4c32)cc1,4.98,1.77,3.21,588.82967,0.19541
166,C#CC#CC#C[Si]CCCCCCN,6.56,0.16,6.4,111.27933,0.520949
167,CN1C(=O)c2cc3cc4c5n6c(c4cc3cc2C1=O)N=c1c2cc3cc4c(cc3cc2c(n1B6F)=NC1=NC(=N5)c2cc3cc5c(cc3cc21)C(=O)NC5=O)C(=O)N(C)C4=O,5.88,3.6,2.28,940.85853,1.610659
168,Cc1ccc2c(c1)N(C)C(=O)C2=C1C(=O)Oc2cc3c(cc21)OC(=O)C3C,6.22,3.43,2.79,320.32567,1.973035
169,Cc1ccc2c(c1)Cc1ccc(C)cc1-2,5.84,1.05,4.79,182.243,0.129143
170,CC1=C2CNC(c3ccc(C)s3)=C2CN1C,4.15,1.09,3.06,226.78933,0.557944
171,Cc1nc2cc3nsnc3c(C)c2nc1C,6.24,3.16,3.08,195.94067,1.205993
172,CCCCCC[Si]C,7.92,0.08,7.84,111.70233,0.27373
173,CCOCCCN,6.57,0.06,6.51,76.259,0.980461
174,Cc1cc2c3c(c(C)cc4c3c1C(=O)NC4=O)C(=O)N(C)C2=O,7.24,3.67,3.57,237.81733,0.377185
175,CCCCCCCCCCC(CCCCCCCC)COC(=O)CCC,7.62,0.09,7.53,298.321,0.892513
176,Cc1cc2sc3c(c2s1)C(C)(C)c1c(C)c2c(c(C)c1-3)C(C)(C)c1c-2sc2cc(C)sc12,2.31,1.86,0.45,1031.384,0.38615
177,CC1=C2C(=O)NC(c3ccc(C)nc3)=C2C(=O)N1C,5.9,2.54,3.36,209.13933,1.092035
178,CCCCCCCCCCCCCCCCCCC(CCCCC)CCCCCCCCCCCCCCCCCC,7.63,0.16,7.47,510.71633,0.054819
179,Cc1ccc2c(c1)N(C)C(=O)C2=C1C(=O)N(C)c2cc(C)ccc21,5.65,2.97,2.68,303.144,1.960353
180,Cc1cc2c(s1)-c1sccc1C2C,5.34,1.26,4.07,170.23433,0.907626
181,C#Cc1ccc2c(n1)C(=O)N(C)C2=O,7.15,2.8,4.35,144.18033,1.45958
182,Cc1cc2c(s1)-c1cc3c(cc1C2(C)CCCCc1ccccc1)-c1sc(C)cc1C3(C)CCCCc1ccccc1,5.06,1.42,3.64,538.526,0.153692
183,CCCCCCCCCCC(CCC)CCCCCCCC,7.75,-2.04,9.78,237.436,0.037232
184,CCCCC(S)CC,6.37,0.07,6.3,103.07933,0.721818
185,Cc1cc2c(s1)-c1sc(C)cc1C2C,5.16,1.17,3.99,186.77333,0.956179
186,CCCCCCSC,6.04,0.06,5.98,106.48933,0.820195
187,Cc1cc2c(cc1Cl)C(C)C(=O)N2C,6.11,0.97,5.15,153.14133,0.987943
188,CC1=C2SC(=O)C(C)=C2SC1=O,7.05,3.36,3.69,147.11,0.515293
189,Cc1cc2cc3c(cc2s1)-c1cc2sc(C)cc2cc1C3C,5.48,1.47,4.01,311.35433,0.827115
190,C=C1Cc2c(sc3ccccc23)C1=O,6.51,2.46,4.06,169.18667,2.213867
191,CCCCCCCCCCC(C)CCCCCCCCCC,7.82,1.98,5.84,235.32333,0.01501
192,Cc1ccc(C2(C)c3cc(C)sc3-c3ccc4c5ccc6c7c(ccc(c8ccc2c3c48)c75)-c2sc(C)cc2C6(C)C)cc1,4.71,2.31,2.41,674.365,0.110568
193,Cc1ccc2c(c1F)N(C)C(=O)C2=C1C(=O)N(C)c2ncccc21,6.16,3.22,2.93,277.08733,0.727551
194,CC#Cc1ccc(C)c(C)c1,6.05,0.82,5.22,137.97567,0.201188
195,C=C1SC(=O)N(CC)C1=O,7.17,2.37,4.8,103.298,0.423995
196,Cc1cc2c(ccc3nsnc32)c2nsnc12,6.58,3.08,3.49,207.661,0.376111
197,CC1CCS(=O)C1,6.28,0.24,6.04,82.06867,1.908131
198,Cc1ccc(C2(C)c3c(sc4cc(C)sc34)-c3sc4c5c(sc4c32)-c2sc3c4c(sc3c2C5(C)c2ccc(C)cc2)-c2sc3cc(C)sc3c2C4(C)C)cc1,6.75,0.02,6.73,203.433,1.2632
199,Cc1ccc2c(c1F)NC(=O)C2C,6.39,0.97,5.43,126.21367,1.573546
200,Cc1cc2c(s1)-c1sccc1C2,5.36,1.23,4.13,157.766,0.942224
201,CCCCCCC(CCC)CCCCCC,8.05,-0.07,8.13,196.624,0.074286
202,CN1C(=O)c2ccc3c4ccc5c6c(ccc(c7ccc(c2c37)C1=O)c64)C(=O)N(C)C5=O,6.33,3.84,2.5,404.34467,0.053316
203,CC1C(=O)Nc2ccsc21,6.02,1.09,4.93,105.39533,1.407039
204,C#Cc1ccc(C)s1,6.05,0.52,5.53,100.737,0.762767
205,Cc1cc2sc3c(c2s1)C(C)(C)Oc1c-3sc2c3c(sc12)-c1sc2cc(C)sc2c1C(C)(C)O3,5.13,1.86,3.28,529.48133,1.389045
206,Cc1cc2sc3c(c2s1)N=c1c-3c2c(c3c4sc5cc(C)sc5c4n(C)c13)=NN=N2,4.15,3.11,1.04,542.89911,7.070208
207,CCCCCCCCCCC(C=O)CCCCCCCCCC,6.94,1.18,5.77,268.017,1.132772
208,CCCCCCCCCCCCCCC(CCCC)CCCCCCCCCCCCCC,7.49,0.23,7.26,399.17767,0.101156
209,CCCCC1(CCCC)c2ccc(C)cc2-c2c1c1c(c3c2C(CCCC)(CCCC)c2ccc(C)cc2-3)C(CCCC)(CCCC)c2ccc(C)cc2-1,6.42,0.21,6.2,105.47,0.184
210,C=Cc1cc2c3c(c(C)cc4c3c1C(=O)N(C)C4=O)C(=O)N(C)C2=O,7,3.63,3.37,273.04,0.22985
211,CC(C)CCCC(C)COC=O,8.01,0.36,7.66,128.292,0.871803
212,CCCCCCO,7.58,0.12,7.47,77.884,0.584359
213,Cc1ccc(C=C2Cc3ccccc3C2=O)s1,5.99,2.45,3.54,228.563,0.962945
214,C=C1C(=O)N(CCCC)C(=O)C(C)=C1C,6.96,2.66,4.3,159.404,1.423423
215,Cc1cc2c3c(cc4c5c6c(cc7c8c(ccc(c1c35)c86)C(=O)NC7=O)C(C)(C)O4)C(=O)N(C)C2=O,6.12,3.72,2.4,440.18267,0.252021
216,CCc1cccc(C)c1,6.57,0.38,6.19,88.482,0.119901
217,CCCCCCCOCCOCCOCCCCO,6.99,0.16,6.83,203.56433,1.263302
218,Cc1ccc(C)c2nsnc12,5.58,0.72,4.87,135.00633,1.212253
219,Cc1cc2c(s1)-c1cc3c(cc1OC2C)-c1sc(C)cc1C(C)(C)O3,5.08,1.65,3.43,332.51167,0.084056
220,Cc1ccc(C#Cc2ccc3c4c(cccc24)C(=O)N(C)C3=O)s1,6.06,2.96,3.1,332.39367,2.63181
221,CCCCCC[Si],8.04,0.16,7.88,100.556,0.319469
222,Cc1cc2c3c(ccc4c5ccc6c7c(ccc(c1c34)c75)C(=O)NC6=O)C(=O)N(C)C2=O,6.36,3.81,2.55,399.136,0.35009
223,Cc1cc2c(s1)-c1sc3c4c(sc3c1CNC2)-c1sc2c3c(sc2c1CN(C)C4)-c1sc2c4c(sc2c1CN(C)C3)-c1sc(C)cc1CN(C)C4,5.46,2.59,2.87,83.6667,0.4626
224,Cc1ccc2c(c1)C(C)c1cc3c(cc1-2)C(C)c1ccccc1-3,5.55,1.42,4.13,296.59933,0.291282
225,Cc1ccc2c(c1)-c1ccccc1C2(C)C,6.1,1.12,4.98,185.52367,0.097169
226,Cc1ccc(C2(C)c3cc(C)sc3-c3sc4cc5c(cc4c32)C(C)c2cc3c4c(sc3cc2-5)-c2sc(C)cc2C4(C)C)cc1,4.91,1.81,3.1,683.44867,2.191341
227,Cc1sc2c3c(sc2c1C)-c1cc2c(cc1C3(C)C)-c1sc3c(C)c(C)sc3c1C2(C)C,4.93,1.62,3.3,488.52967,0.073925
228,Cc1ccc(C2(C)c3cc(C)sc3-c3sc4c5c(sc4c32)-c2sc(C)cc2C5(C)C)cc1,4.75,1.78,2.97,456.83967,0.567425
229,c1ccc2sccc2c1,6.19,1.07,5.12,108.59367,0.378541
230,Cc1cc2c(s1)-c1cc3c(cc1C2C)-c1cc2c(cc1C3(C)C)-c1sc(C)cc1C2(C)C,5,1.56,3.44,465.52033,0.833213
231,CCCCCCC(CCCC)CCCCC,8.02,0.01,8.01,195.60467,0.114284
232,Cc1ccc(-c2cnc(C)s2)s1,5.66,1.38,4.27,170.30533,0.380115
233,Cc1ccc2c(c1)C(C)(C)c1ccccc1-2,5.9,1.12,4.79,191.388,0.268643
234,C=C1Cc2cc(I)ccc2C1=O,6.92,2.52,4.4,131.87933,1.307819
235,CC1=CC2C(C=C1)c1ccc(C)cc1C21c2cc(C)ccc2C2C=CC(C)=CC21,5.76,1.02,4.74,283.28533,0.206898
236,Cc1ccc(C2=CC3C(=O)N(C)C(=O)C4=CC5=c6c(c2c2ccc7c8c(cc(c6c28)OC5(C)C)C(=O)NC7=O)C43)cc1,5.42,3.57,1.85,519.657,2.359423
237,Cc1cccc(-c2cnc3c(C)cc(F)c(C)c3n2)c1,6.49,2.34,4.15,233.29867,0.931696
238,Cc1cc2c(s1)C(C)CN2C,5.06,0.43,4.63,133.953,0.502954
239,C=Cc1sc(C)c(F)c1F,6.29,1.74,4.54,106.111,1.112739
240,CC1C(=O)Nc2cc3c(cc21)NC(=O)C3C,5.89,1.25,4.63,161.53033,0.125947
241,CCCCCCN,6.57,-0.04,6.61,83.66767,0.460426
242,COCCOC,7.03,-0.2,7.22,60.67333,0.66095
243,Cc1ccc2c(c1)N(C)C(=O)C2=C1C(=O)Oc2cc3c(cc21)OC(=O)C3=C1C(=O)N(C)c2ccccc21,6,3.83,2.17,454.649,1.791368
244,Cc1ccc(C2(C)Oc3cc(C)sc3-c3cc4c(cc32)-c2sc(C)cc2OC4(C)C)cc1,4.98,1.52,3.46,409.77333,0.195531
245,Cc1ccc(C2(C)c3c(sc4cc(C)sc34)-c3sc4c(C)c5c6c(sc5c(C)c4c32)-c2sc3cc(C)sc3c2C6(C)C)cc1,4.64,1.73,2.91,626.50633,0.86171
246,CCCCCCC(C)CC,8.22,-0.03,8.24,122.04533,0.035039
247,CCCCCCCCCCCCC(CCCCCCC)CCCCCCCCCC,7.97,0.01,7.96,367.36333,0.070408
248,CC1=c2c3c(c4c(C)cc5c6c(ccc2c64)C(=O)N(C)C5=O)C=CC2C(=O)NC(=O)C(=C1)C32,5.78,3.71,2.07,421.40733,0.537201
249,CC=NN=CC,6.43,1.1,5.33,71.377,0.285808
250,C=C1SC(=S)N(CCC)C1=O,6.67,2.78,3.89,140.894,0.291748
251,Cc1cccc2nonc12,6.97,2.7,4.26,96.324,1.589443
252,Cc1cc2c(s1)-c1sc3c(c1C2(C)C)C(C)(C)c1cc2c(cc1-3)C(C)(C)c1c-2sc2c1C(C)(C)c1cc(C)sc1-2,4.61,1.78,2.83,651.86067,0.135574
253,CCCCCCCCCCCCCCCCC(C)CCCCCCCCCCCCCC,6.42,0.21,6.2,388.30467,0.395808
254,Cc1ccc2cc3ccccc3cc2c1,5.5,1.93,3.57,195.155,0.216089
255,CN1C(=O)c2ccc3c4cccc5cccc(c6ccc(c2c36)C1=O)c54,5.85,3.17,2.68,327.231,2.648271
256,CC1=CC=C(C)C1(C)C,5.57,0.5,5.07,105.68367,0.23228
257,Cc1cccc(C(C)C)c1,6.57,0.35,6.22,117.86033,0.126689
258,Cc1ccc(-c2cc3ccc4cc(C)sc4c3s2)s1,5.46,1.73,3.73,281.09833,0.148797
259,Cc1ccc(C2C3C(=O)NC(c4cccs4)=C3C(=O)N2C)s1,6.1,2.12,3.98,249.259,1.268152
260,CCCCCCCCCCCCC(CO)CCCCCCCCCC,7.62,0.17,7.45,295.14333,0.601225
261,C=Cc1c(F)cc(C)c2nsnc12,6.37,2.82,3.54,145.454,0.614557
262,Cc1ccc(-c2cc3sc4cc(C)sc4c3s2)s1,5.37,1.68,3.69,275.06033,0.207933
263,C=C1Cc2ccsc2C1=O,7.08,2.33,4.75,114.32267,1.79599
264,CC(=CCCO)CCO,6.67,0.16,6.51,95.84467,0.701514
265,CCCCCCCCCCC(CCC)CCCCCC,7.75,-2.02,9.77,214.63967,0.038055
266,Cc1cncc2nsnc12,7.08,3.04,4.04,106.91267,0.659676
267,CCCCC([Si])CC,7.8,0.08,7.72,112.99433,0.296967
268,CCCCCCCCCCCCCCC(CCC)CCCCCCCCCC,7.98,0.07,7.9,339.015,0.087602
269,Cc1c2nc3c(nc2cc2nc4c(nc12)-c1ccc2c5c(ccc-4c15)C(=O)N(C)C2=O)-c1ccc2c4c(ccc-3c14)C(=O)N(C)C2=O,6.55,3.66,2.89,689.89567,0.254896
270,CC1CCC(C)O1,7.04,-0.18,7.22,75.144,0.553827
271,Fc1ccccc1,7.08,0.84,6.25,66.07667,0.67768
272,COc1csc(C)c1OC,5.98,0.3,5.67,109.544,0.614527
273,Cc1ccc(C2(C)c3c(sc4cc(C)sc34)-c3sc4c(C)c5c6c(sc5c(C)c4c32)-c2sc(C)cc2C6(C)C)cc1,4.81,1.79,3.02,624.26933,0.11426
274,Cc1sccc1C#N,7.08,1.58,5.5,90.29167,1.516679
275,COCCOCCCN,6.67,0.11,6.55,93.213,0.490191
276,CC1=CC2C(C)c3cc(C)ccc3C2C=C1,5.92,0.97,4.94,185.41167,0.199316
277,COc1cc(F)c(OC)c(C)c1F,6.21,0.6,5.61,116.224,0.655296
278,Cc1nc2cc3scnc3cc2s1,4.61,2.3,2.31,246.26867,0.518715
279,CCCCCCCCCCC(C)CCCCCC,8.02,-0.02,8.04,219.65833,0.105484
280,C=C1Cc2sc3ccsc3c2C1=O,6.41,2.12,4.29,157.83433,1.405664
281,Cc1cc2sc3c(c2s1)C(C)c1cc2c(cc1-3)C(C)c1cc3c(cc1-2)C(C)(C)c1c-3sc2cc(C)sc12,3.01,1.5,1.5,825.61833,0.721522
282,Cc1cc2c(s1)-c1sc3c4c(sc3c1OC2(C)C)-c1sc(C)cc1C(C)(C)O4,4.93,2.17,2.76,443.63833,0.164056
283,Cc1cc2c(s1)-c1cc3c(cc1C2(C)C)-c1sc2c(c1C3C)C(C)(C)c1cc3c(cc1-2)C(C)(C)c1cc(C)sc1-3,4.78,1.74,3.04,633.13767,0.219975
284,Cc1nc2cccc(C)c2nc1C,6.53,1.93,4.6,149.13067,0.36828
285,Cn1c(=O)c2ccc3sc4ccccc4c4ccc(c1=O)c2c34,5.94,2.82,3.12,280.60533,2.577691
286,CN1C(=O)C2=CC(c3cc4c5c6c(c7c8c9c(ccc8c36)C(=O)N(C)C(=O)C9=CC7)CC=C5C(=O)N(C)C4=O)c3c4c5c6c(ccc5c5ccc(c2c35)C1=O)C(=O)NC(=O)C6=CC4,6.38,1.22,5.16,120.533,0.1875
287,Cc1cc2c(s1)C(C)c1ccccc1-2,5.69,0.95,4.74,171.28633,0.223593
288,CCCCCCCCCCCCC(CCCCCC)CCCCCCCCCC,7.55,0.15,7.4,350.51167,0.083818
289,Cc1ccc2c(n1)N(C)C(=O)C2=C1C(=O)Oc2cc3c(cc21)OC(=O)C3C,6.32,3.67,2.65,308.88733,1.460405
290,Cc1cc2c(s1)-c1cc3c(cc1C2)C(C)C1=C3C(C)(C)c2cc3c(cc21)-c1sc(C)cc1C3,5.08,1.3,3.77,466.55333,0.026019
291,CCCCC(CC)C[Ge],7.81,0.21,7.61,130.08267,0.34343
292,CCCCCCCCCOC=O,8.04,0.35,7.68,128.487,0.723683
293,C=C1Cc2cc(C)ccc2C1=O,6.91,2.24,4.67,134.75667,1.888314
294,CC1=CC2C(=O)NC(=O)C3C=C(C)SC3C2S1,5.99,1.72,4.26,185.90233,1.394247
295,CN1c2ccccc2C(=O)C2C=C3NC4C=CC=CC4C(=O)C3=CC21,5.7,2.33,3.37,267.64633,0.432373
296,Cc1cc2c(s1)[Si](C)(C)c1ccsc1-2,5.53,1.38,4.15,192.28033,0.545591
297,CC=Cc1ccc2c(c1F)N(C)C(=O)C2=C1C(=O)Oc2cc3c(cc21)OC(=O)C3=C1C(=O)N(C)c2c1ccc(C)c2F,6.06,3.96,2.1,620.13,2.33586
298,C=C1C(=O)N(CC)C(=S)N(CC)C1=O,6.5,3.2,3.3,154.20333,0.099167
299,Cc1ccccc1F,6.87,0.66,6.21,79.17933,0.546968
300,Cc1cc2c(s1)-c1cc3c(cc1OC2(C)C)-c1sc(C)cc1C(C)(C)O3,5.07,1.64,3.42,345.70833,0.058517
301,Cc1ccc2c(c1)=c1cc3c(cc1N=2)=c1cc(C)ccc1=N3,6.08,3.66,2.42,333.849,0.12557
302,Cc1cc2c(Cl)c3c(cc2s1)C(C)C(=O)N3,6.17,1.4,4.78,188.46933,1.775192
303,CCC(C)CCCC(C)C,8.13,-0.04,8.17,122.95533,0.119875
304,CC1=CC2=C(C1)C1=C(C=C(C)C1)C2C,4.51,1.09,3.42,176.23567,0.312365
305,CN1C(=O)c2ccc3c4c(C#Cc5ccc(Nc6ccc(C#Cc7cc8c9c(cc%10c%11c%12c(cc%13c%14c(ccc(c7c9%11)c%14%12)C(=O)N(C)C%13=O)OC%10(C)C)C(=O)N(C)C8=O)cc6)cc5)cc5c6c(cc7c(c8c(cc(c2c38)C1=O)OC7(C)C)c64)C(=O)N(C)C5=O,5.7,0.23,5.47,1084.824,1.288158
306,Cc1cc2c(s1)-c1sc(C)cc1C2,5.18,1.14,4.04,174.35467,0.841606
307,C=C1Cc2c(C)sc(C)c2C1=O,6.38,2.24,4.14,141.69433,1.473771
308,Cc1ccc2c(n1)NC(=O)C2C,6.48,1.22,5.26,121.99433,1.640556
309,CC1=CC2C(S1)c1cccc3c4c5c(cccc5c(c13)C2(C)c1ccc(C)cc1)-c1sc(C)cc1C4(C)C,5.09,2.1,2.99,488.762,0.421364
310,Cc1ccc(-c2ccc(C)s2)cc1,5.74,1.21,4.53,169.93067,0.215232
311,Cc1ccc(C2(C)c3cc(C)sc3-c3cc4ccc5c6c(cc7ccc(c32)c4c75)-c2sc(C)cc2C6(C)C)cc1,5.23,1.76,3.47,569.114,0.118512
312,Cc1cc2c(=O)sc3ccsc3c2s1,6.09,2.24,3.85,181.90167,1.670332
313,CC=Cc1ccc(C)c(OC)c1,5.76,1.01,4.75,145.782,0.588058
314,COCCOCCOCCOCCCCCCCCN,6.74,0.07,6.67,212.684,0.783434
315,C=C1Cc2cc(F)c(F)cc2C1=O,7.34,2.67,4.67,119.887,1.6127
316,C=C1Cc2cc(Br)ccc2C1=O,7.19,2.57,4.62,144.54033,1.134627
317,Cc1ccc(-c2cnc(C)c(C)n2)cc1,6.29,1.59,4.7,179.04233,0.312613
318,CCCCCCCCCCCCCCC(C)CCCCCCCCCCCCCC,7.93,0.06,7.87,361.19833,0.022506
319,Cc1cc2c(s1)C(C)C(=O)N2C,5.64,0.93,4.71,132.30267,1.403598
320,CCCCC(CO)CC[Si],7.63,0.29,7.34,127.51267,0.987875
321,C=C1c2ccccc2-c2nc(C#N)c(C#N)nc21,7.46,3.43,4.02,206.985,3.758284
322,CCCCCCCC[Si](C)(CCCCCCCC)CCCCCCCC,7.32,0.2,7.12,322.35367,0.151801
323,CCCCC(N)CCCC,6.5,0.05,6.45,119.52367,0.347374
324,Cc1cc2c(s1)-c1cc3ccc4cc5c(c6ccc(c1C2(C)C)c3c46)C(C)(C)c1cc(C)sc1-5,5.28,1.77,3.51,492.727,1.186256
325,C=C1Cc2sc(Cl)cc2C1=O,6.9,2.22,4.68,128.106,1.39884
326,CCCCCCCCCCCCCCCCCCCCCCN,5.18,3.96,1.22,243.78767,0.65078
327,Cc1cc2c([se]1)-c1cc3c(cc1C2(C)C)-c1[se]c(C)cc1C3(C)C,5.12,1.67,3.45,346.29367,0.436458
328,CCCCCCCCCCC(CCCCCCCC)COC(=O)CCCCC,7.49,0.19,7.3,322.371,0.855405
329,CCCCCCCCCCC(CC)CCCCCCCC,6.29,1.76,4.53,222.246,0.07264
330,Cc1ccc2c(c1F)N(C)C(=O)C2=C1C(=O)N(C)c2c(F)cccc21,6.11,3.23,2.88,284.62567,0.959097
331,Cc1cc2c(s1)-c1cc3sc4cc5c(cc4c3cc1C2(C)C)C(C)(C)c1cc(C)sc1-5,5.19,1.68,3.5,463.29333,1.604532
332,Cc1cc2nc3c4ccc5c6c(ccc(c(=O)n3c2cc1C)c46)c(=O)n1c2cc(C)c(C)cc2nc51,5.98,3.59,2.38,512.60267,0.297124
333,Cc1ccc(-c2ccc(C)o2)o1,5.24,0.88,4.36,134.12733,0.036217
334,CCCCCCCCCCCCCC,8.15,0.11,8.05,172.09367,0.073743
335,CCCCCCCCSC,6.06,0.08,5.98,129.69733,0.651211
336,CCCCCCCCC(S)CCCCCC,6.44,0.18,6.26,202.114,0.669671
337,C=Cc1cc2sc(C)cc2s1,5.66,1.61,4.05,157.561,0.244494
338,Cc1ccc(-c2cc3sc(C)cc3s2)s1,7.49,1.77,5.72,142.97,1.8419
339,CC1Cc2ccccc2C1=O,6.87,1.86,5.01,116.25633,1.526476
340,CC1=CC=C(C)CC1,5.53,0.69,4.84,97.11467,0.223892
341,Cc1cc2sc3c4c(sc3c2s1)-c1cc2c(cc1C4(C)C)-c1[se]c(C)cc1C2(C)C,4.98,1.73,3.26,471.21533,0.564616
342,CCCCCC(C)CC,8.24,-0.14,8.38,110.89733,0.043002
343,CCCC[Si](C)(O[Si](C)(C)C)O[Si](C)(C)C,7.5,0.45,7.05,206.161,1.078312
344,CCCCCCCCCCC(F)(F)C(F)(F)C(F)(F)C(F)(F)C(F)(F)C(F)(F)C(F)(F)F,8.45,0.94,7.51,212.08267,1.428723
345,Cc1cc2c3ccsc3c3cc(C)sc3c2s1,5.6,1.3,4.3,231.30233,0.303003
346,CC1=C2NC(=O)C(C)=C2NC1=O,6.76,2.56,4.21,123.019,0.020276
347,Cc1c2c(c(-c3cccs3)c3c1-c1ccc(C)c4cccc-3c14)C(=O)NC2=O,6.39,2.85,3.53,334.936,2.045547
348,C#Cc1ccc2c(c1)C(=O)N(C)C2=O,7.25,2.82,4.43,146.66,0.784794
349,C=C1Cc2ccc(Br)cc2C1=O,7.07,2.61,4.47,142.397,1.88419
350,Cc1ccc(C#Cc2ccc(C)c(C)c2)cc1,5.74,1.44,4.3,237.30233,0.138242
351,Cc1sc(C)c2nccnc12,5.94,2.44,3.5,130.71567,0.185183
352,CCOCCOCCOCC,7.15,-0.12,7.27,113.69233,0.704629
353,Cc1cc2c3nc4ccccc4nc3c3ccsc3c2s1,5.86,2.62,3.24,284.10533,0.675628
354,CN1C(=O)c2cc3cc4c5n6c(c4cc3cc2C1=O)N=c1c2cc3cc4c(cc3cc2c(n1B6Cl)=NC1=NC(=N5)c2cc3cc5c(cc3cc21)C(=O)NC5=O)C(=O)N(C)C4=O,7.01,2.85,4.16,103.467,0.7021
355,Cc1cc2c(s1)-c1cc3c(cc1CO2)-c1sc(C)cc1OC3C,5.09,1.61,3.48,305.05833,0.083017
356,Cc1cc2c(s1)-c1ccc3c(sc4c5ccc6c(c5sc34)C(C)(C)c3cc(C)sc3-6)c1C2(C)C,5.26,1.67,3.59,488.56333,0.456954
357,Cc1ccc2c(c1)-c1ccccc1C21c2cc(C)ccc2-c2ccc(C)cc21,5.73,1.18,4.55,337.55667,0.134754
358,CCCCCCCCCCCCC(CC)CCCCCCCCCC,8.02,0.08,7.94,303.00267,0.065421
359,C=C1Cc2c(OC)cccc2C1=O,6.55,2.22,4.33,137.95867,2.015563
360,CCCCCCCOC=O,8.03,0.34,7.69,103.42867,0.746021
361,Cc1ccc(-c2c3c(c(C)c4nsnc24)C(=O)NC3=O)s1,6.22,3.23,2.99,248.66633,0.558112
362,CCCCCCC(CC)CCCCCC,8.01,0.04,7.97,182.56733,0.043603
363,CCCCCC(F)(F)C(F)(F)C(F)(F)C(F)(F)C(F)(F)C(F)(F)F,9.2,0.52,8.67,138.09033,1.245441
364,CCCCCCCCOCCCCCN,6.56,-0.01,6.58,173.249,0.320213
365,CC1C(=O)Oc2c1ccc1c3c(ccc21)C(C)C(=O)O3,6.23,1.86,4.37,203.312,0.005647
366,Cc1ccc2c(c1)C1(c3cc(C)ccc3-2)c2cc(C)ccc2-c2ccc(C3C=C4C(=O)N(C)C(=O)c5ccc6c(c54)c3c3c4c5c(ccc46)C(=O)NC(=O)C5=CC3)cc21,6.74,0.45,6.29,210.767,0.5264
367,CC1c2nn(C)nc2C(C)C2N=S=NC12,6.65,2.64,4.02,153.60833,0.463915
368,C#Cc1cc2c(s1)C(=O)N(C)C2=O,7.01,3.02,4,142.66533,0.736512
369,Cc1ccc(C2(C)c3cc(C)sc3-c3sc4cc5c6c(sc5cc4c32)-c2sc(C)cc2C6(C)C)cc1,4.88,1.76,3.12,537.31567,0.083264
370,CC1=C2C=CC(=N2)C(c2ccccc2C)=c2ccc3n2[Zn]n2c1ccc2C(c1ccccc1C)=C1C=CC(=N1)C=3C,8.01,0.08,7.93,234.767,0.550064
371,CC1=C2C(=O)CC(c3cc4sc(C)cc4s3)=C2C(=O)C1C,5.08,1.96,3.12,275.048,1.963775
372,CCCCCCCCCCCCC(CCO)CCCCCCCCCC,7.36,0.48,6.88,308.20867,0.675914
373,c1ccc2occc2c1,6.35,0.96,5.39,92.25133,0.264455
374,CCc1ccccc1,6.75,0.42,6.33,92.27933,0.145175
375,CCCCCCCC[Si](C)(O[Si](C)(C)C)O[Si](C)(C)C,7.15,0.45,6.69,255.98967,0.842167
376,C#Cc1ccc(C)c2nsnc12,6.48,2.81,3.67,142.59833,0.689288
377,C#CC#CC,6.74,0.43,6.31,66.56133,0.129237
378,Cc1ccc(C2(C)c3cc(C)sc3-c3ccc4cc5c6c(ccc7cc2c3c4c76)-c2sc(C)cc2C5(C)C)cc1,4.85,2.06,2.79,574.55233,0.187539
379,Cc1cc2c(s1)C1=C(CC(C)S1)C2C,5.1,1,4.11,182.13733,1.216823
380,CC1=CC2C(=O)N(C)C(=O)C3=CC=c4c(c1c1ccc5c6c(ccc4c16)C(=O)N(C)C5=O)C32,5.89,3.77,2.12,419.60633,0.801921
381,Cc1ccc2c3c(cccc13)C(=O)NC2=O,6.8,2.84,3.96,167.69667,2.294101
382,CCCCCOCCC(F)(F)C(F)(F)C(F)(F)C(F)(F)C(F)(F)C(F)(F)F,7.42,0.47,6.96,167.74667,1.471869
383,Cn1c(=O)c2ccc3c4ccc5c(=O)n(C)c(=O)c6cc7c8c9cc%10c(=O)n(C)c(=O)c%11cc(-c%12cccc(-c%13cc%14c(=O)n(C)c(=O)c%15cc%16c%17c%18cc%19c(=O)n(C)c(=O)c%20ccc%21c%22ccc%23c(=O)n(C)c(=O)c%24cc(c%17c%17cc%25c(=O)n(C)c(=O)c%26ccc%27c%13c(c%14%15)c%16c%17c%27c%26%25)c(c%22c%23%24)c%18c%21c%20%19)c%12)c%12c%13ccc%14c(=O)n(C)c(=O)c%15cc(c8c8cc(c1=O)c2c3c8c7c4c56)c(c%13c%14%15)c9c%12c%11%10,5.1,0.45,4.65,179.40033,2.040064
384,Cc1c2c(nc3cc4c(-c5ccccc5)c5c(nc4cc13)-c1ccc3c4c(ccc-5c14)C(=O)NC3=O)-c1ccc3c4c(ccc-2c14)C(=O)N(C)C3=O,6.29,3.49,2.8,755.039,0.385316
385,CC1=C2C(=O)NC(c3cccs3)=C2C(=O)N1C,5.57,2.7,2.87,206.73933,0.862105
386,COc1ccc(OC)c(C)c1,5.57,0.3,5.27,116.866,0.888762
387,Cc1cc(F)cc2nsnc12,6.9,2.77,4.14,113.13767,0.780567
388,Cc1ccc(C2(C)c3cc(C)sc3-c3sc4c(cc(C)c5c4ccc4c6c(sc45)-c4sc(C)cc4C6(C)c4ccc(C)cc4)c32)cc1,5.28,1.82,3.46,672.402,0.301135
389,C=C1Cc2cc(C)c(C)cc2C1=O,6.84,2.18,4.66,148.52867,1.873065
390,CCCCCCCCCCCCC(C)CCCCCCCC,5.43,0.96,4.47,230.98167,0.063317
391,Cc1cc2c(=O)n(C)c(=O)c3c(F)csc3c2s1,6.44,2.59,3.85,199.532,2.073987
392,CCCCCCCCCOCCOCCOCCON,6.82,-0.07,6.89,214.14767,0.552264
393,Cc1cc2c([se]1)-c1cc3c(cc1C2C)-c1[se]c(C)cc1C3(C)C,5.04,1.69,3.36,344.729,0.789692
394,Cc1cc2cc3c(cc2s1)-c1cc2sccc2cc1C3,5.59,1.56,4.03,279.44467,0.666406
395,Cc1sc2c(sc3c4c5nsnc5c5c6sc7c(-c8ccccc8)c(C)sc7c6n(C)c5c4n(C)c23)c1C,4.94,2.02,2.91,561.549,3.009886
396,Cc1ccc2c(c1Cl)N(C)C(=O)C2C,6.2,0.94,5.25,151.06667,1.402387
397,Cc1cc2sc3c(sc4c5sc(C)c(C)c5sc43)c2s1,5.43,1.81,3.62,321.20433,0.553145
398,N#CC=C(C#N)C#N,9.16,4.42,4.74,73.59533,1.266205
399,CN1C(=O)C2=CC=c3c4c5c(c6cc7c(cc6c6cc8c9c(ccc3c9c56)C(=O)NC8=O)[C@H]3c5ccccc5[C@@H]7c5ccccc53)=CC(C1=O)C24,6.04,0.91,5.13,387.4067,0.16255
400,C[Si](C)(C)O,7.81,0.42,7.39,65.486,0.740304
401,CCCCCCCCCCCCCCCCC(CCCCCCCCCCCCCCCC)OC(=O)CCC,7.62,0.2,7.42,452.621,0.662428
402,CCCCCCCCCCCCCCOC(=O)CCCN,6.64,0.09,6.56,236.88467,0.869865
403,C#Cc1ccc2c3c(cccc13)C(=O)N(C)C2=O,6.74,3.04,3.7,198.39067,1.680692
404,Cc1cc2sc3ccsc3c2s1,5.74,1.4,4.34,169.54167,0.554126
405,CCCCCOCCC(F)(F)C(F)(F)C(F)(F)C(F)(F)C(F)(F)C(F)(F)C(F)F,7.61,0.65,6.96,179.45933,2.047164
406,Cc1ccc(C=Cc2ccc(C)s2)s1,5.39,1.77,3.62,204.92733,0.784031
407,C[Si],9,0.2,8.8,39.63,0.184086
408,CC1c2cc3ccccc3cc2-c2cc3ccccc3cc21,5.79,1.88,3.91,293.32067,0.224046
409,Cc1cc2sc3c(c2s1)N(C)C(=O)C3C,5.47,1.57,3.9,186.783,1.680449
410,Cc1cc2c(s1)-c1cc3c(cc1C2(C)C)-c1sc2c(c1C3(C)C)C(C)(C)c1c-2sc2cc(C)sc12,4.75,1.76,2.99,554.15433,0.248293
411,Cc1cc2c(s1)-c1cc3c(cc1C2C)-c1sc(C)cc1C3C,5.07,1.39,3.68,308.29633,0.045925
412,Cc1scc(F)c1F,6.82,0.98,5.84,73.32233,1.188314
413,Cc1csc(C)c1C,6.04,0.27,5.77,99.484,0.521839
414,Cc1cc2ccc3c(ccc4ccsc43)c2s1,5.83,1.49,4.34,227.48933,0.575392
415,C=C1Cc2cc(C#CC)ccc2C1=O,6.66,2.45,4.21,172.72467,1.875362
416,CCCCC1(CCCC)c2ccccc2-c2ccccc21,6.04,1.19,4.86,246.56267,0.110189
417,Cc1cc(Cl)cs1,6.54,0.91,5.63,86.595,0.857335
418,CCC(C)(C)C,8.47,-0.04,8.51,74.65367,0.053708
419,CN1C(=O)C2=CC(c3cc4c(=O)n(C)c(=O)c5cc6sc7cc8c(=O)n(C)c(=O)c9ccc%10c3c(c45)c6c7c%10c98)c3c4c5c6c(cc7sc8cc(c2c3c8c75)C1=O)C(=O)NC(=O)C6=CC4,5.74,1.86,3.88,725.31633,0.851756
420,CCCCCCCCCCCCCCCN,6.57,0.01,6.56,193.23933,0.552768
421,CCCCCCCCCCCCC(CCCCCCCCC)CCCCCCCCCC,7.63,0.1,7.53,387.44767,0.056255
422,CC1=C2C(=O)NC(c3cc(C)c(C)s3)=C2C(=O)N1C,5.38,2.54,2.85,240.62633,0.932221
423,CCCCCC[Si]CCCCCCN,5.6,2.23,3.37,191.80167,1.19708
424,CC1SC(=S)NC1=O,6.71,2.31,4.4,100.22633,0.903227
425,C=C1Sc2ccccc2C1C,5.71,0.83,4.88,135.771,0.664354
426,Cc1ccc(C2(C)c3cc(C)sc3-c3sc4c(sc5c(C)c6c(sc7c8c(sc76)-c6sc(C)cc6C8(C)C)c(C)c54)c32)cc1,3.24,1.41,1.83,839.52333,0.565858
427,Cc1ccc2c(c1)c1c(C)c(=O)n3c4ccccc4c4c(C)c(=O)n2c1c43,5.67,2.98,2.69,329.50167,0.259467
428,CC1=CC2C(C=C1)c1ccc(C)cc1C21c2ccccc2-c2ccccc21,5.87,1.15,4.72,308.90333,0.17703
429,Cc1cc(C#N)ccc1C#N,7.91,2.81,5.1,116.642,0.265565
430,CCCCCCC(CC)CN,6.49,0.06,6.43,131.70167,0.571091
431,CCCCCCC[Si](C)(O[Si](C)(C)C)O[Si](C)(C)C,7.19,0.43,6.76,245.413,0.843217
432,C=C1Cc2ccc(Cl)cc2C1=O,7.16,2.6,4.56,133.71767,1.895767
433,Cc1cc2ccsc2s1,6.08,0.76,5.31,115.15567,0.758999
434,Cc1ccc(-c2cc3cc(C)sc3s2)s1,5.58,1.34,4.24,213.15267,0.897307
435,Cc1cc2sc3c4c5nsnc5c5c6sc7c(C)c(C)sc7c6n(C)c5c4n(C)c3c2s1,3.07,1.66,1.41,665.171,3.07434
436,Cc1nc2c(C)c3sc(C)nc3cc2s1,3.06,1.74,1.31,308.052,0.819477
437,CCOCCOCCOCCOCCCCCCCCN,6.16,0.43,5.72,223.624,1.814812
438,Cc1cc2c(s1)-c1c(ccc3c4c(ccc13)C(C)(C)c1cc(C)sc1-4)C2C,5.06,1.68,3.38,371.00867,0.007093
439,C[Si](C)(C)O[Si](C)(C)O[Si](C)(C)C,7.38,0.44,6.94,171.59533,1.153808
440,C#[N+]C1=C(C)C(C)C(=O)N(CCCC)C1=O,6.64,1.9,4.73,166.08933,1.43211
441,CC=Cc1ccc2c(n1)N(C)C(=O)C2=C1C(=O)Oc2cc3c(cc21)OC(=O)C3=C1C(=O)N(C)c2nc(C)ccc21,6.23,3.98,2.25,541.79967,0.983501
442,Cc1cc2sc3cc4c(cc3c2s1)C1=C(c2cc3c(cc2C1(C)C)sc1cc(C)sc13)C4C,3.45,1.53,1.92,529.08833,0.667582
443,CCCCCCCCCCCCCCCCCCC(CCCC)CCCCCCCCCCCCCCCCCC,7.37,0.3,7.07,502.603,0.14503
444,CCCCCCC(CCN)CCCC,6.57,0.01,6.55,168.22367,0.639482
445,CC1C(=O)NC(=O)N(C)C1=O,7.76,1.76,6,91.86533,0.909911
446,Cc1cc2oc(=O)c3ccsc3c2s1,6.15,2.17,3.98,175.70867,2.830731
447,CCCCCCCCCCCCCCCCCCC(C)CCCCCCCCCCCCCCCCCC,7.53,0.26,7.27,458.249,0.108466
448,Cc1cc2c(s1)c1cc3c(cc1n2C)C(C)C1=C3C(C)(C)c2cc3c(cc21)c1sc(C)cc1n3C,4.74,1.05,3.69,504.371,0.061255
449,CCCCCCCCCCCCCCCCCCCN,6.42,0.17,6.25,243.43333,0.578422
450,C#Cc1cc2sc3cc(C)sc3c2s1,5.74,1.86,3.88,206.891,1.670897
451,CC1=C2C(=O)NC(c3ccc(C)[se]3)=C2C(=O)N1C,5.47,2.79,2.68,229.98667,1.136933
452,Cc1cc2sc3c(C)c(C)sc3c2s1,5.58,1.22,4.36,197.90833,0.452203
453,Fc1cccnc1F,7.62,1.64,5.98,61.62267,1.561638
454,CCCCCCCCOCCCCC,6.88,-0.04,6.92,165.32933,0.559902
455,Cc1ccc2c(c1)Cc1cc3c(cc1-2)C(C)c1cc(C)ccc1-3,5.46,1.36,4.1,302.18433,0.059799
456,Cc1cc2c3c(ccc4c5ccc6c7c(ccc(c1c34)c75)C(=O)N(C)C6=O)C(=O)N(C)C2=O,6.29,3.74,2.54,415.06233,0.371368
457,Cc1scc2c1C(=O)N(C)C2=O,7.26,2.05,5.2,124.462,0.801922
458,C=C1Cc2sccc2C1=O,6.99,2.06,4.93,112.954,1.256668
459,Cc1cc2c3cscc3c3ccsc3c2s1,5.46,1.72,3.73,217.30433,0.549361
460,CC(C)(C)C,6.16,1.05,5.11,51.59533,0.029916
461,Cc1cc2c3c(ccc4c3c1C(=O)N(C)C4=O)C(=O)N(C)C2=O,7.26,3.68,3.58,236.05233,0.37858
462,CCCCCCCCCC(F)(F)C(F)(F)C(F)(F)C(F)(F)C(F)(F)C(F)(F)C(F)(F)F,8.56,0.67,7.89,199.255,1.191225
463,CC1C=C2C(=O)N(C)C(=O)c3ccc4c(c32)c1c1c2c3c(ccc24)C(=O)N(C)C(=O)C3=CC1,6.25,2.88,3.38,369.06167,0.957685
464,Cc1cc2sc3c(c2s1)C(C)c1cc2c(cc1-3)C(C)(C)c1c-2sc2cc(C)sc12,5.1,1.82,3.28,433.965,0.981074
465,C=C1Cc2ccccc2C1=O,7,2.36,4.64,119.064,1.641565
466,CCCCCCCCCCCCC(CCCC)CCCCCC,7.3,0.19,7.12,279.37833,0.145638
467,Cc1nccc2nsnc12,5.56,1.07,4.48,114.21667,0.591874
468,Cc1cccc2n[se]nc12,6.16,3.03,3.14,135.42,1.262875
469,CC1=CC(C)C(=O)N1C,5.89,0.42,5.47,92.08133,1.644834
470,Cc1scc2c1N=S=N2,5.81,0.42,5.39,114.614,1.205711
471,COCCOCCOCCCCOCCCCCCN,6.66,0.07,6.59,212.912,0.543771
472,Cc1cc2c3nsnc3c3ccsc3c2s1,6.04,2.45,3.59,207.21167,0.507767
473,CN=C1c2ccc3c4c2c(ccc4c(=O)n2c4cc(C)c(C)cc4nc32)C(=O)N1C,6.23,3.41,2.81,378.85033,1.530275
474,CCCCCC(F)(F)C(F)(F)C(F)(F)C(F)(F)C(F)(F)C(F)(F)C(F)(F)F,9.19,0.53,8.66,151.22433,1.166844
475,CCCCCCCCCCC[Si]O[Si]C,7.78,0.17,7.61,196.66933,0.613791
476,CCCCCCCCCC[Si](C)(O[Si](C)(C)C)O[Si](C)(C)C,7.19,0.44,6.75,280.02967,0.365199
477,Cc1c2c(cc3nsnc13)N=S=N2,5.23,1.23,4,150.916,0.365963
478,Cc1cc2c3c(ccc4c3c1C(=O)N(C)C4=O)C(=O)NC2=O,7.36,3.77,3.59,222.54667,0.522539
479,CN1C(=O)c2ccc3c4c5c6c7c(cc(c2c73)C1=O)C(C)(C)OC6=CC1C(=O)N(C)C(=O)C(=CC=4)C51,5.87,3.83,2.04,449.11667,0.426718
480,CCCCCCCCCCC(CCCC)CCCCCCCC,7.87,0.07,7.8,279.033,0.052837
481,Cc1cnc2c(c1)C(=O)NC2=O,7.79,2.79,5,111.16467,1.722959
482,CCCCCCCCCCC(O)CCCCCCCC,7.38,0.19,7.19,235.45233,0.747234
483,Cc1ccc(C2(C)Oc3cc(C)sc3-c3cc4c(cc32)-c2sc(-c3ccc(C)s3)cc2OC4(C)C)cc1,4.94,1.82,3.12,518.52933,0.168907
484,Cc1ccc(C)c2nn(C)nc12,6.07,1.46,4.61,130.35733,0.454624
485,Cc1cc2c(s1)c(C)cc1c3ccsc3c(C)cc21,5.59,1.37,4.22,256.172,0.472855
486,CCC[Si],8.22,0.13,8.1,64.18233,0.300026
487,Cc1ccc(C2(C)c3cc(C)sc3-c3ccc4c5c(ccc4c32)-c2sc(C)cc2C5(C)C)cc1,5.04,1.59,3.45,463.25767,0.168365
488,Cc1sc2c(C)scc2c1F,3.87,2.86,1.01,191.1,0.746704
489,Cc1ccc(C2(C)c3cc4c5cc6c(cc5n(C)c4cc3-c3sc(C)cc32)-c2sc(C)cc2C6(C)C)cc1,4.96,1.53,3.44,542.58133,0.178335
490,CC1=CC2C(C=C1)c1ccc(C)cc1C21c2ccccc2C2C=CC=CC21,5.89,1.27,4.63,305.80267,0.089445
491,CCCCCCCCCCCCCCCCCCCCC,8.06,0.02,8.04,255.318,0.066252
492,CCCCCCCCCCCCCCCCN,6.55,-0.01,6.55,204.19933,0.492172
493,CCCCCCS,6.55,0.15,6.4,93.981,0.779165
494,CC#Cc1ccc2c(c1)C(C)C(C)C2=O,6.62,2.06,4.57,179.34933,1.777803
495,CCCCCCCCCCCCCCC(CCCCCC)CCCCCCCCCCCC,7.98,0.11,7.87,399.714,0.065363
496,C=Cc1cc2c3c(cc(C)c4c3c1C(=O)N(C)C4=O)C(=O)N(C)C2=O,7.05,3.63,3.42,272.565,0.383305
497,Cc1ccc(C2=C3C(=O)N4C=Cc5cc(C)sc5C4=C3C(=O)N2)s1,5.07,2.77,2.3,348.401,0.548
498,CCCCCCC(O)CCCC,7.42,0.13,7.29,138.985,0.800053
499,Cc1cc2c(s1)C(=O)NC2=O,7.24,2.8,4.44,111.57533,1.572839
500,Cc1ccc(-c2cc(C)c(C)s2)cc1C,5.59,1.08,4.51,196.78267,0.178491
501,CCCCCC(F)(F)C(F)(F)C(F)(F)C(F)(F)C(F)(F)C(F)(F)C(F)(F)C(F)(F)F,9.16,0.89,8.27,164.73933,1.44812
502,Cc1ccc2c(c1)Sc1ccccc1N2CCCCCCn1c2ccccc2c2cc(C)ccc21,4.93,1.07,3.86,427.78867,0.438723
503,CCOCCOC,7.14,-0.21,7.35,72.47733,0.065827
504,CCCCCCCCCCCCCCCCCCN,6.51,0.05,6.46,227.667,0.708657
505,Cc1ccc(-c2cc(F)c(C)s2)s1,5.77,1.53,4.24,164.722,0.702563
506,CCCCC1(CCCC)c2cc(C)ccc2-c2c1c1c(c3c2C(CCCC)(CCCC)c2cc(C)ccc2-3)C(CCCC)(CCCC)c2cc(C)ccc2-1,7.79,2.79,5,74.47358,0.06283
507,Cc1cc2sc3c(c2s1)C(C)(C)c1cc2c(cc1-3)C(C)(C)c1c-2sc2c1sc1cc(C)sc12,4.61,3.19,1.42,765.53433,0.684382
508,CCCCCCCCC[Si],8.12,0.18,7.95,136.776,0.302845
509,CCCCCCC(CCCC)CCCCCC,8,-0.01,8.01,206.51467,0.05418
510,CN1C(=O)C2=CCc3c4c5c6c(ccc5c5ccc(c2c35)C1=O)C(=O)N(C)C(=O)C6=CC4,6.26,2.92,3.34,356.603,0.853766
511,C=C1Cc2cccc(Cl)c2C1=O,7.06,2.5,4.56,132.208,2.106997
512,Cc1ccc(-c2sc(C)c3nc(C)c(C)nc23)s1,5.21,2.36,2.85,249.333,0.453129
513,C=C1Cc2cc(OC)ccc2C1=O,6.62,2.14,4.48,142.884,1.491425
514,Cc1ccc2c(c1)[Si](C)(C)c1ccccc1-2,5.95,1.27,4.69,205.70033,0.297103
515,C=Cc1ccc(C)s1,5.9,1.39,4.51,106.85967,0.407522
516,O=S1CCCC1,6.32,0.22,6.1,69.59167,2.015087
517,C=C(C#N)C#N,8.83,3.23,5.6,54.21,1.707097
518,Cc1ccc2c(c1)C(=O)c1cc3c(cc1=N2)C(=O)c1cc(C)ccc1N=3,6.31,4.15,2.16,417.11567,0.098282
519,CCCCC(CC)CN,6.46,0.05,6.41,107.143,0.624297
520,Cc1ccc(C2(C)c3cc4c(cc3-c3sc5cc(C)sc5c32)C(C)(c2ccc(C)cc2)c2c-4sc3c4c(sc23)-c2cc3c(cc2C4(C)C)-c2sc4cc(C)sc4c2C3(C)C)cc1,5.61,-2.06,7.66,191.070167,0.533058
521,NB(F)F,8.52,0.49,8.03,21.848,0.782461
522,CCCCCCCCCCCCCCCCO,7.53,0.01,7.52,201.613,0.843913
523,Cc1c(F)cc2c(c1F)N(C)C(=O)C2=C1C(=O)Oc2cc3c(cc21)OC(=O)C3C,6.42,3.7,2.72,318.884,0.943648
524,CCCCCCCCCCCCCCCCCCCC,7.54,0.44,7.1,202.10967,0.05109
525,Cc1ccc2c(c1)C(C)(C)c1cc(C)sc1-2,5.45,1.11,4.33,202.967,0.470906
526,Cc1ccsc1,6.49,0.54,5.95,73.73233,0.449134
527,CCC(C)CC,8.4,-0.16,8.56,74.47,0.06283
528,CCCCCCCC=CCCCCCCCC,6.64,-0.02,6.66,208.36067,0.075374
529,CCCCOCCOCCOC,7.1,-0.04,7.14,125.14267,0.668548
530,CCCCCCCCCCCCCCCCCCCCN,7.55,1.03,6.52,216.43633,0.611416
531,CCCCCCC(CCCC)OC,6.95,0,6.95,151.46567,0.44021
532,Cc1ccc2c(c1)C(C)c1cc(C)sc1-2,5.46,1.1,4.36,191.08167,0.533158
533,CN1C(=O)c2ccc3c4c5c(c6ccc(c2c36)C1=O)=CC=C1C(=O)NC(=O)C(C=C4)C15,5.99,3.9,2.1,394.577,0.70109
534,Cc1ccc2c(c1)C1(c3ccccc3-2)c2cc(C)ccc2-c2ccc(C)cc21,5.74,1.13,4.61,337.06267,0.174836
535,Cc1cc2csc(C)c2s1,5.61,0.92,4.68,142.90833,0.331124
536,Cc1cc2c(s1)-c1cc3c(cc1C2)-c1sccc1C3C,5.2,1.45,3.74,277.035,0.463578
537,CCCOC(C)C,7.02,-0.13,7.14,79.61933,0.455015
538,Cc1csc(C)c1,6.18,0.44,5.74,87.30233,0.486065
539,C=C1Cc2cc(F)ccc2C1=O,7.15,2.46,4.69,119.503,1.237728
540,CCOCOCOC,7.41,0.02,7.38,76.85133,1.160118
541,CCCCCC(CC)COC,6.96,-0.07,7.04,127.298,0.492664
542,CCCCCCCCCCCCCCCCCCCCCN,6.01,-2.06,8.06,227.44233,0.619191
543,CCCCCCCCCN,6.44,0.03,6.42,119.65333,0.718022
544,CCCCCCCCCCCCCCCCCO,7.54,0.14,7.4,211.26667,0.672994
545,CCCCN1C(=O)C2=C(C)N(CCCC)C(=O)C2=C1C,5.5,2.12,3.38,227.13067,0.192535
546,CCCCC(O)CC,7.47,0.08,7.39,90.69133,0.596678
547,Oc1ccccc1,6.39,0.57,5.82,71.56467,0.617472
548,Fc1cccc(F)c1F,7.55,1.03,6.52,66.50833,1.340628
549,CCCC[Si]O[Si]C,7.84,0.14,7.7,112.85167,0.652912
550,CCCCCCCCOCCOCCOCCOC,6.84,0.09,6.75,202.59933,1.122422
551,Cc1nc2c(C)c3scnc3c(C)c2s1,4.53,2.21,2.32,265.57367,1.765028
552,CCCCC([Ge])CC,7.47,0.2,7.28,118.43533,0.367781
553,CCCCCCCCCCCCC(CCCCC)CCCCCCCCCC,7.61,0.13,7.48,339.40333,0.067668
554,C=C1Cc2ccc(OC)cc2C1=O,6.48,2.32,4.16,139.494,1.180466
555,Cc1ccc(-c2sc(C)c3nccnc23)s1,5.38,2.64,2.74,220.295,0.188573
556,Cc1ccc(-c2cc(C)c(C)c(C)c2C)cc1,6.02,0.6,5.43,207.07067,0.170517
557,Cc1ccc(C(C#N)=Cc2ccc(C)c(C)c2)s1,5.92,2.13,3.78,244.906,1.328877
558,Cc1cc2c(s1)-c1cc3c(cc1C2(C)C)-c1sc2cc(C)sc2c1C3(C)C,5.11,1.76,3.35,416.42867,0.782587
559,CNc1ccc(C)cc1C,5.3,0.13,5.17,118.332,0.621309
560,Cc1ccc(-c2cnc3c(C)c4nsnc4c(C)c3n2)cc1,5.72,2.03,3.7,291.76667,0.831109
561,c1cc2ccc3ccc4ccc5ccc1c1c2c3c4c51,6.24,2.08,4.16,237.04867,0.008442
562,CCCCCCCOC(C)=O,7.65,-0.01,7.67,102.24533,0.876299
563,CCCCCCCCCCCCCCCCCCC(CCCCCC)CCCCCCCCCCCCCCCCCC,6.43,-0.09,6.52,160.67133,0.763413
564,Cc1cc2sc3c(c2s1)C(C)(C)c1cc2c(cc1-3)C(C)(C)c1cc(C)[se]c1-2,4.98,1.65,3.33,390.65033,0.233219
565,Cc1ccc(C2(C)c3cc(C)sc3-c3ccc4c5c(ccc2c35)-c2sc(C)cc2C4(C)C)cc1,5.06,1.73,3.34,451.03633,0.164096
566,CCCCCC(F)(F)C(F)(F)C(F)(F)C(F)(F)F,9.2,0.11,9.09,113.44633,1.242799
567,Cc1cc2c(s1)C(C)C(=O)N2,5.8,0.99,4.81,119.59167,1.720514
568,CCCCCCCCCCCCCCC(C)CCCCCCCCCC,8.05,0.09,7.96,315.097,0.086759
569,Cc1cc2c3c(ccc4c5c(C)cc6c7c(ccc(c1c34)c75)C(=O)N(C)C6=O)C(=O)NC2=O,6.31,3.73,2.58,410.05067,0.393437
570,C=C1SC(C)=C(C)S1,5.24,0.67,4.57,110.73667,0.833734
571,Cc1cc2sc3c(c2s1)C(C)(C)c1c-3sc2c(C)c3c4c(sc3cc12)-c1sc2cc(C)sc2c1C4(C)C,4.84,2.03,2.81,651.51733,1.461649
572,Cc1cc2c(s1)-c1cc3c(cc1C2(C)C)-c1sc(C)cc1C3(C)C,5.05,1.41,3.64,332.27833,0.053306
573,CCCCCCCCCCCCCCCCCC,8.17,0.04,8.13,218.282,0.054475
574,Cc1ccc(C2(C)c3cc4c(cc3-c3sc(C)cc32)C(C)(c2ccc(C)cc2)c2c-4sc3c4c(sc23)-c2cc3c(cc2C4(C)C)-c2sc(C)cc2C3(C)C)cc1,6.01,-2.06,8.06,331.33,0.198
575,Cc1cc2c(s1)-c1sc3c(c1C2(C)C)c1ccc2nc(C)c4c5sc6c(c5c5ccc7nc(C)c3c3c7c5c4c2c13)C(C)(C)c1cc(C)sc1-6,5.17,2.24,2.94,776.95367,0.090048
576,Cc1ccc(C2=CC(C)C(=O)N2)s1,5.89,1.55,4.35,153.265,1.985563
577,C#Cc1cc2c3c(c(C)cc4c3c1C(=O)N(C)C4=O)C(=O)N(C)C2=O,7.12,3.72,3.4,270.51733,0.212965
578,CCC(N)CC,6.58,-0.03,6.61,71.791,0.022555
579,Cc1cc2cc3c(cc2s1)-c1cc2c(cc1C3C)-c1cc3sc(C)cc3cc1C2(C)C,5.32,1.64,3.68,455.893,0.041672
580,CCCCCC(CC)CCCC,8.12,-0.06,8.18,146.03067,0.041823
581,CC1c2nsnc2C(C)C2C=S=CC12,5.2,2.11,3.09,164.04767,0.766472
582,Cc1nccs1,6.13,1.06,5.07,80.738,0.432828
583,Cc1ccc(-c2nc(C)c(C)s2)s1,5.66,1.78,3.88,186.905,0.957766
584,CC1=C2C(=O)NC(c3ccc(C)o3)=C2C(=O)N1C,5.4,2.5,2.89,209.64867,0.622347
585,Cc1cc2c(s1)-c1cc3cc4c(cc3cc1C2C)-c1sc(C)cc1C4(C)C,5.15,1.6,3.55,397.04267,0.056931
586,Cc1ccc(C2(C)c3c(sc4cc(C)sc34)-c3sc4c5c(sc4c32)-c2sc3cc(C)sc3c2C5(C)C)cc1,4.65,2.11,2.54,699.843,1.316704
587,CCCCCCCCCCC(CCCCCC)CCCCCCCCCC,7.88,0.01,7.87,331.01033,0.094048
588,C=Cc1ccc(C)[se]1,5.76,0.92,4.84,119.66367,1.03398
589,CC1(C)c2ccccc2C2C=CC=CC21,6.08,1.15,4.93,168.53767,0.278377
590,CCCCN1C2=CC3C(=O)c4ccccc4N(CCCC)C3C=C2C(=O)C2C=CC=CC21,5.41,2.25,3.16,353.13933,0.666274
591,Cc1ccc(C=C2SC(=S)N(C)C2=O)s1,6.02,2.79,3.22,232.37633,1.172931
592,Cc1cc2c3c4c(c5sc(C)cc5c5c4c(c2s1)C(=O)NC5=O)C(=O)N(C)C3=O,6.26,3.68,2.58,361.85667,0.39219
593,CC1C(=O)Oc2c1ccc1c3c(ccc21)C(=C1C(=O)N(C)c2ccccc21)C(=O)O3,6.04,3.47,2.57,377.325,1.536975
594,Cc1ccc(-c2ccc(C)[se]2)s1,5.52,1.61,3.91,185.745,0.408935
595,CCCCCCCCCCCCC(CCCCCCCCCC)COC(=O)CCCCC,7.45,0.43,7.03,370.66933,0.639809
596,Cc1sc2c(C)csc2c1C,5.75,0.83,4.93,142.803,0.385173
597,Cc1cc2c(C)c3sc(C4=CC5C(=O)N(C)C(=O)C6=CC=c7c(c4c4ccc8c9c(ccc7c49)C(=O)NC8=O)C65)cc3c(C)c2s1,5.61,3.83,1.78,617.82651,1.292416
598,Cc1ccc(-c2ccc(C)cn2)nc1,6.35,1.56,4.79,164.60033,0.042621
599,CCCCCCCCCCCCOC(=O)CCCCCN,6.6,0.12,6.48,234.53867,1.344201
600,Cc1cc2c(s1)-c1sc3c(C)c4c5c(sc4cc3c1C2(C)C)-c1sc(C)cc1C5(C)C,4.87,1.73,3.14,479.40367,0.203975
601,CC1=C2C=CC(=N2)C(C)=c2ccc3n2[Zn]n2c1ccc2C(C)=C1C=CC(=N1)C=3c1cc(C)c(C)c(C)c1,4.9,2.34,2.56,528.70933,0.453743
602,CCCCCC[Si]O[Si]C,7.8,0.11,7.69,137.576,0.959163
603,C=C1Cc2cscc2C1=O,7,2.42,4.58,113.94867,1.512127
604,Cc1cc2c(cc1Cl)C(C)C(=O)N2,6.26,1.06,5.2,140.17133,1.037587
605,Cc1ccc2c(c1Cl)NC(=O)C2C,6.4,1.01,5.39,139.26033,1.595848
606,CC1=C2C(=O)NC(c3ccc(C)cc3)=C2C(=O)N1C,5.55,2.57,2.98,227.68733,0.559988
607,CCCCCC(CC)CN,6.47,0.06,6.41,119.35533,0.562641
608,CN1C(=O)c2ccc3c4c5c6c([se]c7cc(c2c3c76)C1=O)=CC1C(=O)N(C)C(=O)C(=CC=4)C51,5.92,3.84,2.09,439.47467,1.470983
609,C=C(C#N)C(=O)OCC,8.39,2.68,5.71,81.74167,2.417516
610,Cc1ccc2c(c1)C(=O)c1ccccc1-2,6.4,2.58,3.82,172.08133,1.549305
611,CCCCCCC[Si]O[Si]C,7.82,0.13,7.69,150.121,0.617952
612,Cc1cc(C#N)c(C)s1,6.77,1.48,5.29,104.54967,1.704204
613,CCCCCCC(CC)CC,8.16,-0.02,8.19,133.09667,0.038292
614,CCCCCCC=CCCCCCCCC,6.63,-0.13,6.75,199.92567,0.014153
615,CC1=Cc2c3c(c4cccc5cccc2c54)=CC(C)=C2C(=O)N(C)C(=O)C1C23,5.31,3.01,2.29,361.73167,1.469997
616,CCCCCCCCCCCCC(CCCCCCCC)CCCCCCCCCC,7.97,0.06,7.91,378.91833,0.047786
617,C=C1Cc2cc(Cl)ccc2C1=O,7.18,2.55,4.63,135.45533,1.2844
618,Cc1cccc2nn(C)nc12,6.29,1.55,4.73,116.88467,0.485497
619,CCCCCCC(CCCC)CCCC,8,-0.02,8.02,182.20467,0.049191
620,CCCCC1(CCCC)c2ccccc2-c2ccc(C)cc21,5.89,1.1,4.79,261.462,0.22511
621,CNc1ccc(C)cc1,5.36,0.26,5.09,105.67667,0.527441
622,CC1=CC2C(=O)NC(=O)C3N=C(C)SC3C2S1,6.22,1.71,4.51,179.69167,1.345946
623,Cc1c(F)cc2c(c1F)NC(=O)C2C,6.43,1.16,5.27,125.80667,0.844889
624,CN1C(=O)C2=CCc3c4c5c6c(ccc5c5ccc(c2c35)C1=O)C(=O)NC(=O)C6=CC4,6.33,3,3.33,342.29567,0.85686
625,C#Cc1ccc(C)cc1,6.18,1.23,4.95,111.74233,0.648669
626,C#CC1=CC2C(C=C1)c1ccc(C)cc1C21c2cc(C)ccc2C2C=CC(C)=CC21,5.87,1.55,4.33,346.63533,0.542037
627,CC1=CC(C)C(=O)N1,6.14,0.48,5.65,80.31833,1.713125
628,CC1c2ccccc2-c2ccsc21,5.88,1.02,4.86,156.08067,0.216199
629,Cc1ccc(C2(C)c3cc(C)sc3-c3sc4c(C)c5c6c(sc5c(C)c4c32)-c2sc(C)cc2C6(C)C)cc1,4.83,1.7,3.13,559.14167,0.143567
630,CCCCCC[Si](C)(CCCCCC)CCCCCC,7.39,0.19,7.19,253.54967,0.061598
631,Cc1ccc(-c2ccc(C)s2)nn1,6.11,1.77,4.34,161.759,1.740078
632,CC1=c2c3c(c4ccc5c6c(ccc2c46)C(=O)NC5=O)C=CC2C(=O)N(C)C(=O)C(=C1)C32,5.99,3.69,2.3,396.42167,2.041325
633,Cc1cccc(C2(C)c3cc4c5cc6c(cc5n(C)c4cc3-c3sc(C)cc32)-c2sc(C)cc2C6(C)C)c1,4.97,1.53,3.44,540.01833,0.087608
634,CC=Cc1ccc(C)cc1,6.08,0.91,5.18,124.10967,0.1903
635,Cc1ccc2c(c1)Sc1ccccc1N2,5.26,0.77,4.49,185.60067,0.81623
636,CCCCCCCCC(CC)CCCCCC,7.99,-0.1,8.09,208.88233,0.06206
637,Cc1cc2c(s1)-c1cc3c(cc1C2C)-c1cc2c(cc1C3C)-c1cc3c(cc1C2(C)C)-c1sc(C)cc1C3(C)C,4.97,1.66,3.31,607.37233,0.108155
638,C=C1Cc2cc(F)c(OC)cc2C1=O,6.64,2.38,4.27,140.36067,0.696533
639,COCCOCC(C)COCCOC,6.83,0.02,6.81,142.61133,0.571736
640,CB1n2c3c4cc5cc6c(cc5cc4c2N=c2c4cc5cc7c(cc5cc4c(n21)=NC1=NC(=N3)c2cc3cc4c(cc3cc21)C(=O)NC4=O)C(=O)N(C)C7=O)C(=O)N(C)C6=O,6.18,1.23,4.95,167.156,0.2391
641,Cc1cc2c(s1)-c1sc3c4c(sc3c1CNC2)-c1sc2c3c(sc2c1CN(C)C4)-c1sc2c4c(sc2c1CN(C)C3)-c1sc2c3c(sc2c1CN(C)C4)-c1sc(C)cc1CN(C)C3,7,2.42,4.58,169.41167,0.738816
642,CC1=C2C(=O)NC(c3ccc(C)cn3)=C2C(=O)N1C,5.54,2.58,2.96,221.362,0.846345
643,Cc1cc2c3csc(C)c3c3cc(C)sc3c2s1,5.19,1.59,3.6,248.15767,0.376414
644,CCCCCCCCCCC(CCC)CCCCCCCCCC,7.97,0.03,7.94,292.255,0.104478
645,CC=Cc1ccc2c(c1)N(C)C(=O)C2=C1C(=O)Oc2cc3c(cc21)OC(=O)C3=C1C(=O)N(C)c2cc(C)ccc21,5.87,3.78,2.09,620.40667,2.355402
646,Cc1cc2c(s1)-c1cc3c(cc1C2C)-c1cc2c(cc1C3C)-c1sc(C)cc1C2(C)C,5.01,1.55,3.46,453.875,0.85277
647,CCCCCCCCCCCCCCCO,7.55,0.01,7.55,188.83267,0.630008
648,Cc1cc2sc3c4c(sc3c2s1)-c1c(C)c2c(c(C)c1C4(C)C)-c1sc3c(sc4cc(C)sc43)c1C2(C)C,2.94,2.1,0.84,896.86433,1.368657
649,CO[Si](C)(C)OC,7.61,0.14,7.47,78.96333,0.063291
650,CCCCC(CC)C[Si],8.07,0.09,7.98,123.791,0.326889
651,CCCCCCCCCCCCCCCCCCC(CCC)CCCCCCCCCCCCCCCCCC,7.5,0.23,7.26,488.53233,0.079642
652,CCCCCCCCCCCCOC(=O)CCCN,6.71,0.15,6.56,207.33733,1.39118
653,CCCCC[Si]O[Si]C,7.76,0.14,7.62,124.846,0.511091
654,C=C1SC(=S)N(C)C1=O,6.71,2.82,3.89,115.995,0.355274
655,Cc1cc2c(s1)-c1sc3c(c1C2(C)C)c1sc2c(c1c1sc4c(c31)C(C)(C)c1cc(C)sc1-4)C(C)(C)c1cc(C)sc1-2,5.07,1.48,3.59,628.26833,0.096179
656,C=C1Cc2cc3ccccc3cc2C1=O,6.39,2.55,3.84,178.282,1.594453
657,Cc1cc2sc3c(c2s1)NC(=O)C3C,5.67,1.28,4.39,166.70267,1.793921
658,Cc1ccc2c(c1)Cc1ccccc1-2,5.93,1.09,4.84,167.356,0.284391
659,Cc1cc2sc3c4sccc4sc3c2s1,6.32,1.32,5.01,169.41167,0.738816
660,C=Cc1cc2c3c(ccc4c3c1C(=O)N(C)C4=O)C(=O)N(C)C2=O,7.13,3.73,3.4,257.43033,0.53163
661,Cc1ccc(C2(C)c3cc(C)sc3-c3ccc4cc5c6c(ccc5cc4c32)-c2sc(C)cc2C6(C)C)cc1,4.93,2.03,2.9,542.973,0.110185
662,CCCCCCCCCCCC(CCCC)CCCCCC,7.78,2.26,5.51,238.562,0.058132
663,Cc1cc2c(s1)-c1cc3c(cc1C2(C)C)-c1sc2c(sc4cc(C)sc42)c1C3(C)C,5.01,1.73,3.29,464.00833,0.443389
664,Cc1ccc(C2(C)c3cc4c(cc3-c3sc(C)cc32)C(C)(c2ccc(C)cc2)c2cc(-c3ccc(C)s3)sc2-4)cc1,4.96,1.78,3.19,586.93233,0.32584
665,CN1C(=O)c2ccc3c4c5c(c6ccc(c2c36)C1=O)=CC=C1C(=O)N(C)C(=O)C(C=C4)C15,5.92,3.82,2.1,410.77667,1.04563
666,Cc1ccc2c(c1)[C@H]1c3ccccc3[C@@H]2c2ccc(C)cc21,5.98,0.61,5.36,251.261,0.166795
667,Cc1ccc(-c2cc3c(s2)-c2sc(C)cc2C3)s1,5.04,1.66,3.38,275.59667,0.66622
668,CC1=c2c3c(c4ccc5c6c(ccc2c46)C(=O)N(C)C5=O)C=CC2C(=O)N(C)C(=O)C(=C1)C32,5.93,3.62,2.3,412.11067,1.574196
669,Cc1c2c(c(-c3cccs3)c3c1-c1ccc(C#N)c4cccc-3c14)C(=O)NC2=O,6.78,3.4,3.38,342.663,0.620628
670,C=C1Cc2csc(C)c2C1=O,6.66,2.31,4.35,127.65633,1.162679
671,Cc1ccc2c(c1)C(C)c1ccccc1-2,5.91,1.1,4.82,179.59333,0.320232
672,CCCCCCCCC[Si](C)(O[Si](C)(C)C)O[Si](C)(C)C,7.21,0.43,6.77,267.25067,0.22042
673,CCCCCCCCCCCCCCCCCCCCCCC,5.51,0.92,4.59,244.085,0.032724
674,C=C1Cc2cc(Cl)c(Cl)cc2C1=O,7.29,2.74,4.55,149.49433,1.664304
675,CCCOCOCCO,7.24,0.14,7.1,89.325,1.348553
676,CCCCCCCCCCCCC(CCCCCCCCCC)COC(=O)CCC,7.3,0.56,6.74,344.18067,0.848556
677,CCCCCCCCCCC(F)(F)C(F)(F)C(F)(F)C(F)(F)C(F)(F)C(F)(F)C(F)(F)C(F)(F)F,8.48,0.76,7.72,223.73567,1.377751
678,C=Cc1cc(C)c(C)s1,5.78,1.3,4.48,120.40367,0.473446
679,Cc1cc(-c2cccs2)c(-c2cc3sc(C)cc3s2)s1,5.51,0.92,4.59,221.31133,0.702114
680,CCCCCCCCCCCCCCO,7.51,0.04,7.47,175.63167,0.695418
681,Cc1cc2c(s1)-c1cc3cc4c(cc3cc1C2(C)C)-c1sc(C)cc1C4(C)C,5.15,1.61,3.54,409.747,0.110081
682,C=C1SC(=S)N(CC)C1=O,6.69,2.8,3.89,128.06733,0.341155
683,O=c1c2ccc3c(=O)n4c5ccccc5nc4c4ccc(c2c34)c2nc3ccccc3n12,6.29,3.75,2.53,428.33333,0.276843
684,Cc1cc2c(s1)-c1cc3c(cc1C2C)-c1sc(C)cc1C3(C)C,5.06,1.4,3.66,320.288,0.028128
685,CC1=c2c3c(c4c(C)cc5c6c(ccc2c64)C(=O)N(C)C5=O)C=CC2C(=O)N(C)C(=O)C(=C1)C32,5.61,3.43,2.18,421.35533,1.633652
686,CCCCCCCCCCC[Si](C)(O[Si](C)(C)C)O[Si](C)(C)C,7.17,0.45,6.72,291.55033,0.814209
687,Cn1c(=O)c2ccc3c4ccc5c(=O)n(C)c(=O)c6cc7c8c9cc%10c(=O)n(C)c(=O)c%11cc%12c%13c%14cc%15c(=O)n(C)c(=O)c%16cc(-c%17cccc(-c%18cc%19c(=O)n(C)c(=O)c%20cc%21c%22c%23cc%24c(=O)n(C)c(=O)c%25cc%26c%27c%28cc%29c(=O)n(C)c(=O)c%30ccc%31c%32ccc%33c(=O)n(C)c(=O)c%34cc(c%27c%27cc%35c(=O)n(C)c(=O)c%36cc(c%22c%22cc%37c(=O)n(C)c(=O)c%38ccc%39c%18c(c%19%20)c%21c%22c%39c%38%37)c%18c%23c(c%25%24)c%26c%27c%18c%35%36)c(c%32c%33%34)c%28c%31c%30%29)c%17)c%17c%18ccc%19c(=O)n(C)c(=O)c%20cc(c%13c%13cc%21c(=O)n(C)c(=O)c%22cc(c8c8cc(c1=O)c2c3c8c7c4c56)c1c9c(c%10%11)c%12c%13c1c%22%21)c(c%18c%19%20)c%14c%17c%16%15,6.71,0.15,6.56,142.367,0.60773
688,CC1=C2C(=C(C)C(=O)N2C)N(c2ccc(C)cc2)C1=O,6.11,2.42,3.69,219.306,0.312066
689,CCCCCCCC[Si]CCCCCCCCCN,6.57,0.22,6.35,241.08633,0.465903
690,CCCCCCCCCCCCC,8.16,-0.13,8.29,160.43833,0.060328
691,CCCCCCCCCCOC=O,8.04,0.37,7.67,139.89233,0.663105
692,CCCCCCC(CO)CCCC,7.59,0.1,7.49,150.21933,0.581447
693,Cc1ccc(-c2cc(C)c(C)s2)s1,5.51,1.24,4.27,178.69567,0.448011
694,CCCCCCCCC(CO)CCCCCC,7.52,0.06,7.46,199.10633,0.646933
695,CCCCCCCC(C)CCCCCC,8.08,0.02,8.07,181.915,0.129964
696,CCCCCCC(CCC)CCCC,7.97,-0.05,8.02,171.079,0.087642
697,CCCCCCC(CS)CCCC,6.46,0.24,6.22,167.28667,0.772954
698,Cc1cc2sc(C)cc2s1,5.74,0.87,4.87,132.541,0.017362
699,Cc1cccc2c1C(=O)N(C)C2=O,7.48,2.52,4.96,128.26867,0.936712
700,CCCCCCCCCCO,7.59,0.1,7.49,127.30367,0.684997
701,Cc1ccc2c3ccccc3c(=O)n(C)c2c1,6.05,1.56,4.49,194.24233,1.495076
702,Cc1sc(C)c2sccc12,5.53,0.96,4.57,142.33967,0.64773
703,CCC1(C)CCCCCc2csc(c2)-c2c3cc(C)sc3c(C)c3cc(sc23)-c2ccc(s2)-c2c(F)cc(C)c3ncc(nc23)-c2cccc(c2)OCC1,3.12,2.35,0.77,495.42,0.866168
704,Cc1cc(F)ccc1F,6.91,1,5.91,78.99867,0.210962
705,Cc1c(F)c(F)c(C)c2nccnc12,6.88,2.46,4.42,133.081,1.011648
706,Cc1cncs1,6.87,1.02,5.85,68.87633,0.506113
707,CCCCCCCCCCCCCCOC(C)=O,7.67,0.05,7.62,201.79933,0.885296
708,CC1=CC2NC(=O)c3cc4c(cc3C2S1)c(=O)n(C)c1cc(C)sc41,5.81,1.97,3.84,303.47833,0.815054
709,Cc1sc2csc(C)c2c1F,5.67,1.2,4.47,132.154,0.113463
710,CCCCCCCCOC=O,8.04,0.35,7.69,116.44933,0.726634
711,Cc1cc2c(C)c3sc(C)cc3cc2s1,5.45,1.17,4.28,204.645,0.113939
712,Cc1ccc(-c2cnc3c(C)cc4c(cc(C)c5nc(C)c(C)nc54)c3n2)s1,5.82,2.33,3.49,383.03533,0.579614
713,CCCCCCCC[Si],8.14,0.15,7.99,125.24633,0.307992
714,CC1=CC=C(C)C2C(=O)N(C)C(=O)C12,6.13,1.19,4.94,139.318,0.517252
715,CCCCCCCCCC(CCCCCCCC)COC=O,7.3,0.35,6.96,219.214,0.75966
716,CCCCCCCCCCCOC(C)=O,7.69,0.1,7.59,164.13133,0.724023
717,CCCCC(CC)CSC,6.02,0.11,5.92,130.117,0.70098
718,CCCCCCCCCCCCCCC,8.12,0,8.12,181.99133,0.166757
719,Cc1cc2c(s1)-c1sccc1[Si]2,5.61,1.69,3.91,172.24133,0.428201
720,Cc1cc2c(C)c3nn(C)nc3cc2s1,5.55,1.7,3.85,182.569,0.699138
721,Cc1c(F)c(F)cc2c1C(=O)N(C)C2=O,7.62,2.78,4.84,129.24833,0.418399
722,CCCCCC(CC)CC,8.07,-0.02,8.08,121.53967,0.027316
723,CCCCCCCCCCCCOC(N)=O,7.75,0.12,7.63,172.15633,0.938385
724,CCCCCCCCS,6.55,0.16,6.39,118.384,0.812768
725,Cc1ccc(-c2cc(F)c(C)cc2F)s1,5.97,1.59,4.39,171.11933,0.322809
726,Cc1cc2c(-c3ccccc3)c3sc(C)cc3c(C)c2s1,5.38,1.21,4.17,277.04767,0.082894
727,Cc1scc(Cl)c1C,6.41,0.7,5.71,99.06533,0.853207
728,CCCCCCCCCCCCSC,6.03,0.06,5.97,179.78867,0.794702
729,Cc1ccc[se]1,6.32,0.75,5.57,81.19267,0.36315
730,Cc1ccc(-c2ccc(C)s2)s1,5.52,1.4,4.12,166.373,0.051953
731,CCCC(C)CC,8.34,-0.13,8.47,86.78167,0.058315
732,Cc1nnco1,7.98,0.77,7.22,49.05333,1.573639
733,CCCCCCCCN,6.51,-0.02,6.54,108.88733,0.619828
734,CC(C)CCCC(C)CCOC=O,8.04,0.35,7.68,140.173,0.703972
735,CCCCCCC(C)CCCC,8.08,-0.03,8.11,146.87067,0.081917
736,C=Cc1sc(C)cc1F,6.05,1.52,4.53,106.319,0.814876
737,N#CCC#N,9.89,0.95,8.94,39.73967,1.575611
738,C#C[Si](C(C)C)(C(C)C)C(C)C,7.31,0.13,7.17,135.71233,0.206647
739,CCOCCOCCOCCOC,6.94,-0.04,6.99,129.55167,1.343094
740,CCCCCCCCCCCC(C)CCCCCCCCC,7.87,-2.01,9.88,236.27133,0.031166
741,Cc1cccc(-c2cnc3c(C)ccc(C)c3n2)c1,6.28,2.21,4.07,233.20067,0.353424
742,CCCCCCCCCCC(C)CCCCCCCC,7.9,-1.77,9.67,212.41567,0.033828
743,Cc1cc2sc(C)c(C)c2s1,5.72,1.1,4.61,155.50533,0.483678
744,Cc1cc2c(C)c3sccc3c(C)c2s1,5.43,1.26,4.17,200.35,0.394734
745,CC1=C2C(=O)N(C)C(C)=C2C(=O)N1,5.71,2.26,3.44,135.08833,0.108728
746,CCOCCOCCO,6.54,-1.7,8.24,75.90567,1.505997
747,Cc1c(F)c(F)cc2nn(C)nc12,6.69,1.87,4.82,116.72367,1.717478
748,CC1=C2C(=O)NC(c3ccc(C)s3)=C2C(=O)N1C,5.45,2.6,2.85,226.18733,0.722137
749,Cc1cc2c(C)cc3c(cc(C)c4ccsc43)c2s1,5.71,1.38,4.34,256.13867,0.465246
750,Cc1scc(Cl)c1Cl,6.74,1.08,5.66,98.37933,1.049672
751,CCCCCCCCCCCCCCCC,8.16,-0.07,8.24,196.00267,0.029859
752,Cc1cc2nn(C)nc2c(C)c1C,6.03,1.34,4.69,144.18833,0.225943
753,Cc1cc2c(=O)n(C)c(=O)c3ccsc3c2s1,6.32,2.52,3.8,200.35033,1.532969
754,Cc1cc2sc(-c3c4c(c(C)n3C)C(=O)NC4=O)cc2s1,5.81,1.97,3.83,258.83733,2.195615
755,CCCCCCC(CCCC)CSC,6.04,0.11,5.93,178.34733,0.700187
756,CCCCC(CC)COC(C)=O,7.66,0.11,7.55,127.01633,0.859716
757,CCCCC(CC)CS,6.51,0.21,6.3,116.69433,0.733177
758,Cc1ccc(-c2cc(F)c(C)c3nsnc23)s1,5.93,2.81,3.13,211.05233,0.742213
759,CCCCCCCCCCCC,8.09,-0.05,8.14,146.67867,0.024057
760,Cc1nc2scnc2s1,4.57,0.74,3.83,106.74367,0.831335
761,Cc1ccco1,6.17,-0.04,6.21,59.321,0.267876
762,Cc1cc2c(s1)-c1sc(C)cc1C(C)O2,5.13,1.28,3.84,190.58467,0.209368
763,CCCCCCCCCCCCC(C)CCCCCCCCCC,7.88,0.05,7.83,288.867,0.050953
764,CCCCCCCCC,8.21,-0.12,8.33,111.04333,0.025023
765,Cc1cnc2c(C)c(F)c(F)c(C)c2n1,6.76,2.28,4.48,147.84233,1.344206
766,Cc1c(F)cccc1F,7.14,0.8,6.35,79.042,0.448197
767,CCCCCCCCCCCCS,6.5,0.29,6.21,166.36633,0.676133
768,Cc1nncs1,6.77,1.51,5.27,79.275,1.458513
769,CCCCCCCCCOC,7.01,0.01,7,126.46,0.603381
770,CCCCC(CC)COC,7.16,-0.08,7.24,115.55733,0.496843
771,CCCn1nc2cc(F)c(F)c(C)c2n1,6.65,1.82,4.83,141.37367,1.600808
772,Cc1c2ccsc2cc2ccsc12,5.63,1.41,4.23,170.52833,0.207641
773,Cc1nc(C#N)cc2nn(C)nc12,7.29,2.6,4.69,131.21367,3.172919
774,Cc1cc2c(C)c3occc3c(C)c2s1,5.5,1.11,4.39,181.534,0.269346
775,Cc1sc2ccsc2c1C,5.85,0.91,4.94,129.605,0.494741
776,Cc1c(F)c(F)cc(F)c1F,7.27,1.28,5.99,79.51933,0.257409
777,Cc1ccsc1C,6.17,0.43,5.74,86.72067,0.490046
778,CCCCCCC(CCCC)COC(C)=O,7.68,0.05,7.64,176.89367,0.668214
779,Cc1cc2c3nonc3c3ccsc3c2s1,6.24,2.51,3.74,186.97633,1.326492
780,CCCCCCCCCCC,8.19,-0.1,8.29,135.20333,0.05971
781,Cc1c(F)c(F)cc2nsnc12,7.1,2.89,4.21,113.372,0.569947
782,Cc1ccc(-c2cc(C)c(C)c3nsnc23)s1,5.68,2.56,3.11,223.63967,0.88123
783,CCCCCCCCCCCCOC(C)=O,7.67,0.08,7.59,176.59,0.856125
784,Cc1ccc2c3ccccc3n(C)c2c1,5.62,1.02,4.6,181.26633,0.805118
785,Cc1cc(F)cs1,6.53,0.81,5.72,73.39367,0.878478
786,Cc1cc(F)cc(F)c1,7.17,0.88,6.29,79.459,0.900764
787,Cc1cnccn1,7.02,1.76,5.27,70.05333,0.277019
788,CCCCCCCCCCCCOC(=O)NC,7.14,0.09,7.04,184.29,1.103736
789,Cc1cc2sc3c(c2s1)C(C)(C)c1cc2c(cc1-3)C(C)(C)c1c-2sc2ccsc12,4.76,1.7,3.06,433.41367,0.269128
790,COC=O,8.17,0.46,7.72,31.70467,0.84266
791,Cc1ccc(-c2nc3sc(C)nc3s2)s1,5.38,1.98,3.4,234.08667,0.744963
792,CCCCC(CC)COC=O,8.04,0.36,7.68,115.06767,0.624453
793,CCCCCCCCCCCCOC,7.13,-0.09,7.22,165.33367,0.421982
794,CCCCCCCCCCN,6.51,0,6.51,132.74333,0.56399
795,Cc1cc2c(C)c3sc4ccsc4c3c(C)c2s1,5.65,1.31,4.34,247.66567,0.932324
796,Cc1cc2c(s1)c1sccc1c(=O)n2C,5.67,1.72,3.96,182.684,1.80041
797,Cc1c(F)cc(-c2cnc3c(C)c(F)c(F)c(C)c3n2)cc1F,6.77,2.68,4.09,236.19033,0.913314
798,Cc1c(F)c(F)cc2nonc12,7.37,3,4.37,96.80233,0.522245
799,Cc1sccc1Cl,6.54,0.87,5.67,85.98867,0.518022
800,CCCCCCCCOC,7.01,0.04,6.97,113.862,0.565949
801,Cc1cc(F)cc2nn(C)nc12,6.49,1.73,4.76,116.72133,1.251969
802,CB1Nc2cc3c(cc2-c2sc(C)cc21)NB(C)c1cc(C)sc1-3,5.44,1.84,3.61,340.72433,0.066233
803,Cc1sc(C)c2c1C(=O)NC2=O,7.03,2,5.03,124.80033,1.305871
804,Cc1scc(F)c1C,6.4,0.6,5.8,86.24133,0.860554
805,CCCCCCCCC(C)CCCCCC,8.11,-0.06,8.17,196.90533,0.046659
806,CCCCC(C)CC,8.31,-0.1,8.41,98.569,0.076213
807,CCCCC(CC)SC,6,0.02,5.98,118.67233,0.650442
808,Cc1ccc(-c2cnc3c(C)c(F)c(F)c(C)c3n2)cc1C,6.41,2.37,4.04,249.932,1.693669
809,COCCOCCOCCO,7.03,0.09,6.94,105.50633,1.574012
810,CCCCCCCCCCCCC(CCCCCCCCCC)COC=O,8.01,0.41,7.6,307.89633,0.835633
811,CCCCCCCCCCCCO,7.58,0.07,7.5,151.077,0.61001
812,Cc1c2ccsc2c(C)c2nn(C)nc12,5.51,1.74,3.76,178.75167,0.9355
813,CCCCCCCCC(C)CCCCCCCC,8.13,0.02,8.11,218.90633,0.070699
814,Cc1cccc(F)c1,6.91,0.76,6.15,79.412,0.833133
815,Cc1cccc2nsnc12,5.65,0.76,4.9,121.69967,0.979544
816,CCCCC(CC)CC(C)=O,6.86,0.87,5.99,122.831,1.117818
817,Cc1ccc(-c2cc3c(=O)n(C)c(=O)c4cc(C)sc4c3s2)s1,5.76,2.6,3.16,319.49667,2.13509
818,CCCCCCCCCCC(CO)CCCCCCCC,7.12,-2,9.12,218.43267,0.647243
819,Cc1ccc(-c2sc(C)c3c2C(=O)N(C)C3=O)s1,6.01,2.31,3.71,223.90067,1.215564
820,Cc1sc(C)c2c(F)csc12,5.84,1.15,4.69,138.66133,0.508477
821,CCCCC(CC)CC,8.2,-0.13,8.32,110.865,0.026641
822,CCOC=O,8.08,0.4,7.68,43.56067,0.658137
823,CCCCCCCCC(C)CCCC,8.01,-0.04,8.05,171.10133,0.034278
824,c1ccsc1,6.69,0.7,5.99,60.534,0.307081
825,CCC[Si](CCC)CCC,7.6,0.16,7.44,135.03167,0.296358
826,C=C(C)C#N,7.89,1.71,6.18,51.99133,1.644613
827,Cc1cc(C)c2nonc2c1C,6.52,2.47,4.05,123.2,1.717893
828,CCCCCCCCCCCCN,6.52,0.1,6.42,155.885,0.630571
829,Cc1cc2c(C)c3occc3c(C)c2o1,5.46,0.97,4.49,164.369,0.456596
830,C#Cc1ccc(C)nc1,6.8,1.5,5.3,102.686,0.750314
831,CCCCCCCCCCOC(C)=O,7.67,0,7.67,153.032,0.916957
832,C=Cc1sc(C)cc1C#N,6.5,2.19,4.3,122.88533,1.698751
833,Cc1cccc(F)c1F,7.11,0.81,6.3,79.30133,1.171645
834,CCCCCCCCCCCCCCOC,7.12,0.06,7.06,187.90567,0.545082
835,CC=CC#N,7.77,1.63,6.13,54.076,1.904852
836,Cc1cc2c(s1)-c1sc(C)cc1C(C)S2,5.26,1.52,3.74,207.697,0.433315
837,Cc1nc2cc(F)c(F)c(C)c2nc1C,6.52,1.78,4.74,132.858,1.169193
838,Cc1cc(F)c(C)s1,6.24,0.69,5.55,87.158,0.702802
839,Cc1nncnn1,6.87,3.3,3.58,60.87033,0.37949
840,Cc1cc(C)c2nsnc2c1C,5.52,0.66,4.86,148.69967,1.116201
841,CCCCCCCCC(CC)CCCC,8.07,-0.02,8.09,182.44333,0.079702
842,Cc1sc(C)c2c(Cl)csc12,5.61,1.32,4.28,143.28233,0.577105
843,Cc1cccnc1,7.1,1.08,6.02,74.262,0.994185
844,Cc1ccc2sccc2c1,6.11,1.02,5.09,123.047,0.494286
845,Cc1cccc(-c2cnc3c(C)c(F)c(F)c(C)c3n2)c1,6.56,2.44,4.13,233.04333,1.32493
846,Cc1cc2sccc2s1,5.44,0.85,4.6,110.499,0.37836
847,Cc1cc2sc3c(C)c4c(sc5ccsc54)c(C)c3c2s1,5.08,1.76,3.33,273.03867,0.357102
848,Cc1ccc(-c2c3c(c(C)c4nn(C)nc24)C(=O)NC3=O)s1,6.01,2.47,3.54,251.384,2.152026
849,CCCCCCCC(CC)CCCC,8.06,0,8.07,170.20267,0.098145
850,CCCCCCCCCCC(CCCCCCCC)COC=O,7.58,-0.3,7.89,230.829,0.89126
851,CCCCCCCCC(CCCCCC)COC=O,7.99,0.37,7.62,211.218,0.822635
852,CCCCCCCCCCOC,7.12,-0.17,7.29,141.368,0.433924
853,CCCCCCCCCC,8.33,-0.12,8.45,123.11333,0.048773
854,Cc1cccc(C)c1C,6.47,0.23,6.24,104.84,0.278805
855,Cc1cccc(-c2cnc3c(C)cc4c(cc(C)c5nc(C)c(C)nc54)c3n2)c1,5.99,2.3,3.68,378.25733,0.271263
856,CCCCCCC(CCCC)COC,7.11,0.01,7.1,163.55533,0.387913
857,CCCCCCCCCCSC,6.03,-0.01,6.04,156.441,0.736637
858,Cc1cc(F)c(C)c2nccnc12,6.67,2.35,4.32,132.89033,0.591692
859,Cc1cc2ccccc2s1,6.07,0.93,5.14,123.93167,0.510421
860,CCCCCCC(CCCC)COC=O,7.99,0.34,7.65,164.955,0.999357
861,Cc1ccc(C)c2nccnc12,6.49,2.2,4.29,132.966,0.126558
862,CCCCCCC,8.41,-0.07,8.47,85.76367,0.047067
863,Cc1ccc(-c2ccc(C)c(C)c2)s1,5.68,1.15,4.53,183.12233,0.291354
864,Cc1cc(C2CCCCC2)cs1,6.14,0.4,5.74,144.58667,0.494997
865,Cc1scc2c1C(=O)c1c(C)sc(C)c1C2=O,6.68,2.38,4.3,200.51267,0.457251
866,CCCCCCCC(CO)CCCCCC,7.46,0.05,7.41,189.15067,0.716384
867,Cc1cc2sc3c(C)c4c(cc3c2s1)sc1cc(C)sc14,5.41,0.98,4.43,251.91633,0.811324
868,CCCCCCCCC(CS)CCCCCC,6.43,0.22,6.21,215.01867,0.720165
869,CCCCCCOC(C)=O,7.68,0.02,7.66,103.842,0.76618
870,Cc1ccc2c(c1)=Nc1cc3c(cc1=2)N=c1cc(C)ccc1=3,6.02,3.66,2.37,329.886,0.224217
871,CCCCCC(CC)CCO,7.55,0.11,7.44,126.00133,0.697175
872,CC=Cc1cc2c(C)c3sc(C)cc3c(C)c2s1,5.31,1.56,3.75,266.151,0.08193
873,CCCCCC[C@H](CO)CCCC,7.45,0.26,7.18,149.25667,0.773295
874,CCCCCCCCCCS(C)(=O)=O,7.95,0.38,7.57,160.66867,2.488325
875,Cc1cc2c(C)c3sccc3c(C)c2o1,5.47,1.1,4.37,181.776,0.939224
876,Cc1cc2csc(C)c2cc1C,5.31,1.46,3.85,154.447,0.452777
877,Cc1sc(C)c2c3c(sc12)C(=O)NC3=O,6.21,2.93,3.29,177.42267,1.443579
878,CC=Cc1cc(C)c(C)s1,5.54,1.09,4.45,136.47133,0.39459
879,Cc1ccc(-c2cnc3c(C)c(F)c(F)c(C)c3n2)s1,6.19,2.47,3.72,236.137,1.864935
880,Cc1cccc(-c2cnc3c(C)c4c(c(C)c3n2)C(=O)N(C)C4=O)c1,6.77,2.75,4.02,294.913,1.564196
881,Cc1scc2sn(C)c(=O)c12,6.55,1.23,5.32,131.02333,0.883182
882,CC[CH]CCCCCCCC,8.24,-0.06,8.3,134.38633,0.025035
883,Cc1cc2nonc2c(C)c1C,6.64,2.43,4.21,122.662,2.019358
884,N#Cc1ccccc1,7.62,1.85,5.78,83.611,1.824951
885,CCCC[C@@H](CC)CO,7.46,0.17,7.29,101.385,0.846377
886,Cc1cc2c3ccsc3c3cc4c(cc3c2s1)c1sc(C)cc1c1cc(C)sc14,5.34,2,3.34,428.42367,0.552545
887,CCCCCCCCCCCC[C@@H](C)CCCCCCCCCC,7.98,0.05,7.93,290.55267,0.039841
888,Cc1scc2c1C(=O)C(F)(F)C2=O,7.53,3.22,4.31,116.53667,2.430783
889,CNc1cc(C)cc(C)c1,5.38,0.14,5.24,118.87333,0.592059
890,Cc1cc2c3c(ccc4cc(C)cc(c43)C2C)c1,5.85,1.29,4.56,220.16667,0.281385
891,CCn1c2cc3c(cc2c2cc4c(cc21)-c1ccccc1C4(C)C)Cc1cc(C)ccc1-3,5.3,1.57,3.73,443.26067,0.514902
892,COc1csc(C)c1,5.75,0.52,5.23,91.915,0.971812
893,CCCCCCCCCCCCCCCCC(C)CC,7.94,-2.17,10.11,215.093,0.023008
894,Cc1ccc(-c2cnc3c(C)cc(F)c(C)c3n2)s1,6.15,2.39,3.77,235.92067,1.022812
895,CCCCO,7.59,0.04,7.55,54.946,0.65371
896,Cc1ccc(C#CC#Cc2ccc(C)s2)s1,5.04,2.51,2.53,344.98967,1.42385
897,CCCCCCCCOC(C)=O,7.68,0.05,7.63,127.31633,0.706933
898,CCCCCCCCCC[C@@H](C)CCCCCCCC,7.93,-2.21,10.13,215.79867,0.015912
899,Cc1ccc(-c2cc3c4sc(C)cc4c4cc(C)sc4c3s2)s1,5.33,1.75,3.58,346.21,0.363563
900,Cc1cc2c(ccc3nn(C)nc32)c2nn(C)nc12,6,1.84,4.15,212.79967,0.331264
901,Cc1cc2c(C)c(C)c3ccsc3c2s1,5.75,1.15,4.6,195.82233,0.852347
902,Cc1c(C#N)ncc2nn(C)nc12,7.27,2.6,4.66,129.85067,3.016826
903,Cc1cc2c3ccccc3ccc2c2ccccc12,5.77,1.61,4.16,242.46633,0.151874
904,Cc1cc2c(s1)-c1c(csc1C)C2=O,6.05,2.26,3.79,175.89,1.598422
905,Cc1ccc2c(c1)[Ge]c1ccccc1-2,6.09,2.96,3.13,194.775,0.911736
906,CCCCCC(CO)CCC,7.45,0.08,7.38,127.192,0.581998
907,Cc1cc2c(C)c3sc4c5cc6sc7c(sc8c(C)c9cc(C)sc9c(C)c87)c6c(C)c5sc4c3c(C)c2s1,5.6,1.66,3.94,565.73233,0.908165
908,C=Cc1nc2cc3oc(C)nc3cc2o1,6.3,2.05,4.26,166.791,0.255562
909,Cc1cc2c3ccsc3c3sc(C)cc3c2s1,5.64,1.32,4.32,231.07233,0.705107
910,Cc1ccc2c(c1)N(C)C(=O)C2=C1C(=O)N(C)c2ccccc21,5.83,2.94,2.89,285.81167,0.451536
911,Cc1cc2cc(C)c3c4sccc4cc(C)c3c2s1,5.63,1.27,4.36,253.76867,0.475209
912,Cc1ccc2c3ccccc3c3nc4c(C)c(F)c(F)c(C)c4nc3c2c1,6.3,2.65,3.65,319.13367,1.626746
913,Cc1cc2c(s1)-c1sc(C)cc1P2(C)=O,5.77,2,3.77,199.65567,1.629772
914,Cc1cc2c(s1)-c1ccccc1C2C,5.59,1.17,4.42,175.19633,0.57796
915,Cc1ncsc1C,5.93,1.11,4.82,92.546,0.641023
916,Cc1cccc2nccnc12,6.76,2.27,4.48,119.659,0.299833
917,Cc1sc2c(C)scc2c1C#N,6.11,1.82,4.3,149.144,1.739003
918,Cc1cc2c(C)c3sc4c(sc5c(C)c6c(sc7c6sc6c(C)c8ccsc8c(C)c67)c(C)c54)c3c(C)c2s1,5.09,1.94,3.15,640.39833,0.61942
919,CCCCCC[C@@H](CC)CO,7.55,0.09,7.46,126.585,0.573974
920,Cc1ccc(-c2c3c(c(C)n2C)C(=O)NC3=O)s1,5.96,1.87,4.09,203.07267,2.426284
921,Cc1ccc(-c2cc(C)c(C)c3nc(C)c(C)nc23)s1,5.55,1.97,3.58,257.31633,0.536739
922,Cc1sc2c(C)c3c(F)csc3c(C)c2c1F,5.65,1.59,4.07,199.809,0.495106
923,C=Cc1nc(C)sc1C,6.04,1.06,4.98,113.29533,0.258397
924,Cc1cc2c(s1)-c1sccc1[Ge]2,5.55,3.17,2.38,184.443,0.563209
925,Cc1c2c(cc3nsnc13)C(=O)N(C)C2=O,5.4,1.76,3.64,156.146,1.315063
926,COc1ccccc1,6.23,0.46,5.77,84.936,0.504884
927,CCCCCCCCCCCCCCCCCCCCOC,6.72,-2.11,8.84,229.28267,0.487742
928,CCCC[C@H](C)CC,8.33,-0.12,8.45,98.53833,0.058259
929,Cc1cc2cc3ccoc3cc2o1,5.92,1.01,4.91,136.36967,0.577718
930,Cc1ccc2c(c1)C(C)c1c-2sc2c1C(C)(C)c1cc(C)ccc1-2,5.16,1.47,3.69,324.44967,0.834358
931,C=Nc1ccccc1F,6.65,1.62,5.03,90.39933,0.998013
932,CCCCC(CC)CC=O,7.18,0.99,6.2,111.85533,1.123233
933,Cc1ccc(-c2nc3nc4sc(C)nc4nc3s2)s1,5.95,2.59,3.36,286.682,1.399931
934,CCCCCC[C@@H](CS)CCCC,6.45,0.24,6.2,166.78,0.534641
935,CCCCCCCCCC[CH]COC,7.03,-0.01,7.03,163.721,0.582808
936,CC1=C2C(=O)N(CCCCCCCCCCCCc3ccc(C)cc3)C(C)=C2C(=O)N1C,5.53,2.15,3.38,372.087,0.401688
937,Cc1cc2c3nccnc3c3cc(C)sc3c2s1,5.83,2.13,3.71,231.92633,0.1039
938,C#Cc1c2cc(C)oc2c(C)c2cc(C)oc12,5.51,1.36,4.15,197.21733,0.532001
939,Cc1nc2csc(C)c2nc1C,6,2.18,3.81,145.77233,0.579668
940,Cc1ccc(-c2cc(C)c(C)c3nsnc23)[se]1,5.59,2.57,3.02,252.00433,1.088919
941,Cc1ccc2c3ccccc3c3c(C)sc(C)c3c2c1,5.53,1.38,4.15,255.93433,0.182908
942,Cc1ccc(C2(C)c3cc4c(cc3-c3sc(C)cc32)C(C)c2cc3c(cc2-4)C(C)(C)c2cc(C)sc2-3)cc1,5.31,1.57,3.74,517.205,0.78607
943,CCCCCC(O)CCCCC,7.41,0.15,7.27,138.959,0.637556
944,Cc1ccc(C)c(C)c1,6.32,0.29,6.04,105.83333,0.171689
945,Cc1oc2cc3ccoc3cc2c1C,5.65,1.08,4.57,151.067,0.385127
946,Cc1cc2sc(-c3cc(C)c(C)c4nsnc34)cc2s1,5.37,2.62,2.75,313.18233,1.915728
947,CCCCCCCCCCC(CCO)CCCCCCCCCC,7.52,0.19,7.32,283.51233,0.659556
948,Cc1cc(F)cc(-c2cnc3c(C)c(F)c(F)c(C)c3n2)c1,6.71,2.58,4.13,233.692,1.481184
949,Cc1ccc(-c2cnc3c(C)c(F)c(F)c(C)c3n2)cc1,6.48,2.41,4.07,236.67767,1.495672
950,Cc1ccc2c(c1)Cc1cc3c4cc5c(cc4n(C)c3cc1-2)-c1ccccc1C5(C)C,5.31,1.58,3.74,431.79467,0.380935
951,Cc1[se]cc2c1C(=O)N(C)C2=O,6.6,2.3,4.31,142.20967,2.275207
952,Cc1nc2c3nc4c(C)c5nsnc5c(C)c4nc3c3ncsc3c2s1,5.49,2.49,3,374.348,3.31186
953,Cc1sc(C)c2c1C(=O)CC2=O,6.97,2.3,4.67,128.93967,1.70504
954,Cc1cc2cc3cc(C)c(C)cc3c(C)c2cc1C,5.15,1.68,3.47,256.03933,0.029254
955,Cc1cc2c3cc(C)c(C)cc3c3ccsc3c2s1,5.55,1.39,4.16,253.75867,0.908054
956,CCCCS,6.55,0.23,6.33,69.10633,0.662379
957,Cc1ccc(-c2cc(C)c(C)c3nonc23)o1,5.75,2.6,3.15,192.21633,1.638653
958,Cc1cc2sc3cc4c(cc3c2s1)NC(=O)C4C,5.82,1.45,4.37,223.003,2.129845
959,CCCCC1(CCCC)c2ccccc2-c2cc3c(cc21)c1cc2c(cc1n3CC)-c1ccc(C)cc1C2,5.3,1.58,3.72,517.15067,0.548174
960,C=Cc1cc(C)sc1-c1ccc2c(c1)C(C)(C)c1cc(C)ccc1-2,5.56,1.53,4.03,324.53033,0.373706
961,Cc1ccc(-c2ccc(C)c3nsnc23)s1,5.74,2.67,3.06,210.59867,0.433742
962,Cc1ccsc1F,6.48,0.62,5.86,73.347,0.72821
963,Cc1ccc(-c2cc(C)c(C)c3nc4c5cccc6ccc7cccc(c4nc23)c7c65)s1,5.6,2.52,3.09,430.30133,0.144413
964,Cc1ccc2c(c1)OC(C)c1cc(C)ccc1-2,5.72,1.15,4.57,200.16333,0.487492
965,Cc1ccc(-c2cc(C)c(C)c3nc4c5ccccc5c5ccccc5c4nc23)s1,5.61,2.51,3.1,401.127,0.081398
966,C=CCCCCCC,7.11,0.01,7.1,99.54533,0.209147
967,Cc1cc2c(s1)C(C)c1ccc(F)cc1-2,5.88,1.12,4.76,171.271,0.787322
968,Cc1cc2c(C)scc2s1,5.54,1,4.54,132.81733,0.819603
969,Cc1ccc(-c2cc(C)c(C)c3n[se]nc23)s1,5.72,3.41,2.31,209.08667,2.488794
970,CCCC[C@H](CC)CS,6.5,0.27,6.22,117.53567,0.688216
971,CCCCC(C=O)CC,7.09,1.02,6.07,98.72767,1.17664
972,Cc1cc2ccc3c4ccc5ccsc5c4ccc3c2s1,5.82,1.52,4.29,289.90467,0.830834
973,Cc1ccc2c(c1)S(=O)(=O)c1ccccc1-2,6.81,2.1,4.71,180.32,2.577831
974,Cc1c2ncc(-c3ccc4c(c3)-c3c(F)cc(F)cc3C4)nc2c(C)c2nsnc12,5.65,2.12,3.53,371.835,1.63462
975,CCCCCCCCC(C)CC,8.1,-0.07,8.17,147.02333,0.038143
976,Cc1cc(-c2ccc(C)s2)cs1,5.68,1.13,4.55,161.15933,0.217326
977,Cc1cc2cc3occc3cc2o1,5.74,1.12,4.61,138.39767,0.39717
978,Cc1ccc2c(c1)Cc1cc3c(cc1-2)C(C)c1cc2c(cc1-3)C(C)c1cc(C)ccc1-2,5.29,1.55,3.75,433.27267,0.23904
979,Cc1scc2c1C(=O)C(C)C2=O,7.06,2.39,4.67,127.73633,1.547136
980,CC1=CC2C(=O)NC(=O)c3c(sc4c3sc3c5sc(C)cc5c(=O)n(C)c(=O)c43)C2S1,5.16,1.47,3.69,357.93333,0.500478
981,Cc1cc2c(C)c3cc4sccc4c(C)c3cc2s1,5.16,1.75,3.41,268.199,0.557377
982,CCCCCCCCCC[C@H](C)CCCCCCCC,7.89,-1.92,9.81,214.351,0.032972
983,CC(F)=CF,7.14,0,7.14,37.83267,0.271044
984,Cc1cc2c(C)c3[se]ccc3c(C)c2[se]1,5.64,1.16,4.48,223.55367,0.464279
985,CC1=CC2C(=O)N(C)C(=O)c3c(sc4c3sc3c5sccc5c(=O)n(C)c(=O)c43)C2S1,6.38,2.78,3.59,352.307,1.497788
986,Cc1cnc(C=C2C(=O)N(C)c3ccccc32)cn1,5.98,2.74,3.24,229.80033,1.448495
987,Cc1cc2c(cc(C)c3c4cc(C)sc4ccc23)s1,5.51,1.4,4.11,258.93867,0.294996
988,Cc1c(F)c(F)cc2nc3c(nc12)-c1cccc2cccc-3c12,6.5,2.57,3.93,265.674,1.971496
989,CCCCCCCCC(CC)CC,8.04,0.01,8.03,157.131,0.038318
990,Cc1ccc(F)s1,6.36,0.69,5.67,73.65567,1.019211
991,Cc1cc2c3n[se]nc3c3ccsc3c2s1,5.41,1.57,3.84,227.93,0.591191
992,Cc1sc(C)c2c1C(=O)c1ccsc1-2,6.12,2.21,3.9,174.11167,1.119223
993,Cc1oc(C)c2c1C(=O)c1csc(C)c1C2=O,6.64,2.39,4.25,184.00767,0.433126
994,Cc1cc2cc(C)c3c(ccc4cc(C)sc43)c2s1,5.61,1.31,4.3,258.24433,0.181748
995,Cc1cc(F)cc2n[se]nc12,5.71,1.48,4.23,131.48,0.509112
996,Cc1ccc2c3ccccc3c3nc4c(C)cnc(C)c4nc3c2c1,6.32,2.74,3.58,311.40167,1.377863
997,Cc1cc2c3ccccc3c3cc(C)sc3c2s1,5.53,1.44,4.09,239.758,0.290967
998,Cc1ccc(-c2cnc3c(C)ccc(C)c3n2)s1,6,2.24,3.76,234.98,0.721785
999,Cc1scc2c1C=CC2=O,6.61,2.52,4.09,114.85233,1.843627
1000,C#Cc1c(F)ccc(C)c1F,6.91,1.56,5.35,106.11567,1.725008
1001,CCCCCCCCC(CCO)CCCCCCCC,6.98,-2.07,9.05,207.07667,0.666927
1002,Cc1scc2sc3c(c12)C(=O)N(C)C3=O,6.32,2.87,3.45,174.56533,0.761782
1003,Cc1cc2c(s1)-c1cc3c(cc1C2(C)C)-c1sc2c(c1C3(C)C)C(C)(C)c1cc3c(cc1-2)C(C)(C)c1cc(C)sc1-3,4.77,1.74,3.02,643.89733,0.241955
1004,CCCCC(CC)CCCC(CC)CCCC,7.98,0.04,7.94,206.02133,0.017917
1005,Cc1ccc(C)s1,6.06,0.51,5.55,87.75833,0.249839
1006,Cc1occ2c1C(=O)N(C)C2=O,7.2,2.07,5.13,108.457,0.939134
1007,Cc1cc(Cl)cc2nsnc12,6.89,2.83,4.06,128.50333,0.51137
1008,Cc1cc2c(C)c3ccccc3c(C)c2cc1C,5.19,1.83,3.37,235.965,0.485704
1009,CCCCC(C)CCCC,8.11,-0.11,8.21,123.19033,0.040219
1010,C#CC#CC#CC#CC#CCCN,8.25,-0.11,8.36,98.55667,0.058054
1011,Cc1ccc[te]1,6.04,0.85,5.18,88.9,0.218035
1012,Cc1sc(C)c2c1C(=O)C(C)C2=O,6.93,2.27,4.66,141.58167,1.635255
1013,Cc1ccc(-c2cc(C)c(C)c3nsnc23)o1,5.62,2.48,3.14,206.07033,0.874419
1014,CC=Cc1ccc2c3ccc(C)cc3n(C)c2c1,5.5,1.36,4.14,240.3,0.831013
1015,Cc1cc2c(s1)-c1sc(C)cc1OC2,5.18,1.34,3.83,178.941,0.319752
1016,Cc1ccc(C2(C)c3cc(C)ccc3-c3sc4c5c(sc4c32)-c2ccc(C)cc2C5(C)C)cc1,5.1,1.78,3.33,462.82467,0.596468
1017,Cc1[se]c(C)c2[se]ccc12,6.02,1.04,4.98,105.666,0.208329
1018,C=Cc1nc2cc3nc(C)oc3cc2o1,6.39,1.97,4.42,164.24067,1.330638
1019,Cc1cc2ccc3c(cc(C)c4cc(C)sc43)c2s1,5.64,1.36,4.28,259.38933,0.199633
1020,CCCCCCCCCCCCCC(N)=O,7.1,0.32,6.78,181.66,0.678692
1021,Cc1cc2nnc3ccc(F)cc3c2cc1F,6.66,2.44,4.22,176.07133,0.716526
1022,CCCCCC[C@H](CC)CCCC,8.09,-0.03,8.12,158.72,0.040095
1023,Cc1sc(C)c2c1OCC(C)CO2,5.67,0.26,5.4,143.65967,0.664018
1024,CC1=C2C(=C(C)S1(=O)=O)c1cccc3cccc2c13,6.12,2.37,3.75,226.37,2.654391
1025,C=Cc1cccs1,6.1,1.49,4.61,92.122,0.338174
1026,CCCCCCC(CC)CCCC,8.04,-0.07,8.11,158.91233,0.05146
1027,Cc1nnc(C)c2c1C(=O)NC2=O,7.03,3.46,3.57,118.27333,0.725706
1028,CCCCCC[C@H](C)CC,8.21,-0.1,8.31,122.99333,0.045444
1029,CC=C(C#N)C(=O)OCCCCCCCCCCCC,7.89,2.28,5.61,219.70967,2.568599
1030,COc1ccsc1C,5.75,0.53,5.22,92.103,0.512654
1031,C=CCCCCCCCCCCCC,7.11,0.02,7.09,170.46267,0.191168
1032,Cc1ccc(C2(C)c3cc(C)sc3-c3sc4c5c(sc4c32)-c2cc3c(cc2C5(C)C)-c2sc4c5c(sc4c2C3(C)C)-c2sc(C)cc2C5(C)c2ccc(C)cc2)cc1,6,2.24,3.76,142.47033,0.811068
1033,Cc1cc2c3ccc4nc(C)c5c6sc(C)cc6c6ccc7ncc(c2s1)c1c7c6c5c4c31,5.74,2.27,3.47,452.98033,0.416341
1034,CCCC[C@H](CC)CO,7.49,0.07,7.42,102.43733,0.773385
1035,Cc1cc2c(s1)=c1cc3c(cc1N=2)=c1cc2c(cc1=N3)c1sc(C)cc1n2C,5.3,3.49,1.81,488.38267,1.960095
1036,CCCCCCC(CC)CO,7.55,0.03,7.51,126.38067,0.559312
1037,Cc1sc(C)c2c1C(=O)c1ccccc1C2=O,6.76,2.76,4,192.01167,0.168987
1038,Cc1ccc2c(C)c(C)ccc2c1,5.79,1.21,4.58,158.97233,0.161754
1039,Cc1cc2sc3c(c2s1)[Ge](C)(C)c1c-3sc2ccsc12,5.07,2.27,2.8,384.458,0.588518
1040,C=CCCCCCCCCCOC,7.01,0.16,6.86,152.863,0.402657
1041,Cc1c(Cl)ccc2nsnc12,5.83,0.97,4.86,134.82367,0.417062
1042,CC1C(=O)Nc2ccccc21,6.3,0.91,5.38,112.375,1.40037
1043,CCCCCCCCCCCCCOC,7.02,-0.07,7.09,176.832,0.604851
1044,CCCCSC,6.04,-0.05,6.09,82.88967,0.747229
1045,Cc1c(C#N)c(C#N)cc2nn(C)nc12,7.41,2.85,4.55,154.679,3.737286
1046,Cc1scc2c1OCC(C)(C)CO2,5.93,0.36,5.57,142.47633,0.839068
1047,CCCCCC(CC)CCOC,7.12,-0.02,7.14,139.275,0.450706
1048,CC=C(C#N)C(=O)OCCCCCCCC,7.93,2.29,5.64,169.28167,2.25001
1049,CNc1cc(C)cnc1-c1ncc(C)cc1N(C)c1ccc(C)cc1,5,1.4,3.61,305.97067,0.468479
1050,Cc1cc2c3cc(C)c(C)cc3c3nc4c(C)cccc4nc3c2cc1C,5.93,2.35,3.59,355.241,0.640483
1051,CCCCCCCC[C@@H](C)CCCCCC,8.11,-0.02,8.12,196.04933,0.072067
1052,Cc1sc(C)c2c1C(=O)c1ccsc1C2=O,6.82,2.96,3.86,186.94533,0.361815
1053,CCCCCCCC[Ge],6.18,2.87,3.31,134.83033,0.610229
1054,CCCCCCCCC=O,7.21,1,6.22,111.28867,0.994374
1055,CCCCC(CC)C[SH](=O)=O,8.18,0.59,7.59,122.57233,2.306469
1056,C[CH]CCCCCCCC,8.32,-0.09,8.41,123.013,0.065306
1057,CC(C)CCCC(C)CCS,6.47,0.3,6.17,143.32567,0.665938
1058,Cc1cc(C)cc(C)c1,6.48,0.27,6.21,106.59733,0.058113
1059,Cc1cc2c3cc(C)sc3c3nc4c(nc3c2s1)C(=O)NC4=O,6.52,2.97,3.56,284.08133,3.199731
1060,CC1c2ccc(F)cc2-c2ccsc21,6.07,1.19,4.88,155.97567,0.670532
1061,CCCCCC[C@@H](CO)CCCC,7.34,0.13,7.21,150.83667,0.698507
1062,Cc1cc2c(s1)C(=C1C(=O)N(C)c3ccccc31)C(=O)N2C,5.47,2.83,2.64,283.27367,0.560134
1063,CC(C)CS,6.5,0.26,6.24,69.93367,0.664868
1064,CCCCCCCCO,7.57,0.03,7.55,103.543,0.827012
1065,Cc1csc2c3sccc3c(=O)n(C)c12,5.79,1.74,4.05,178.94567,1.350351
1066,CCCCCCCCCCC(CCO)CCCCCCCC,7.07,-1.84,8.92,228.77433,0.601586
1067,CCCCCCCCC(CCO)CCCCCC,7.47,0.08,7.38,211.47833,0.79899
1068,CCCCCCCCC(CC)CCCCC,7.95,0.01,7.94,194.503,0.040729
1069,Cc1ccc(-c2cc3cc4oc(C)c(C)c4cc3o2)s1,5.27,1.62,3.65,267.629,0.287322
1070,CCCCc1cc2c(cc1CCCC)C(=O)c1c(C)sc(C)c1C2=O,6.62,2.56,4.06,302.37933,0.434844
1071,CC=Cc1ccc(C)s1,5.71,1.17,4.54,120.29367,0.1644
1072,CC(C)CCCC(C)CCO,7.55,0.08,7.47,127.23933,0.729588
1073,Cc1cc(C=Cc2ccc(C)s2)cs1,5.36,1.7,3.66,211.211,0.28433
1074,CCCCCCCC[C@H](CO)CCCCCC,7.45,0.12,7.33,199.142,0.71469
1075,Cc1cc2cc(C)c3c(sc4c3sc3c5sc(C)cc5c(C)c(C)c34)c2s1,4.66,2.69,1.97,378.156,0.439713
1076,C#Cc1cccc(C)c1,6.57,1.23,5.34,106.672,0.356554
1077,CCCCCCCCCC[C@H](CO)CCCCCCCC,7,-1.94,8.94,216.68267,0.666544
1078,Cc1nnc(C)c2nccnc12,6.73,2.96,3.77,120.76433,1.802053
1079,Cc1cc(C)c2nn(C)nc2c1C,5.91,1.38,4.53,144.04033,0.256476
1080,CCCCCCCCCCCCCCCCCCCCO,6.12,2.37,3.75,218.011,0.702937
1081,Cc1cc2cc(C)c3cc(C)sc3c2s1,5.66,1.12,4.54,199.38467,0.53801
1082,Cc1cc2c(C)c3sc4c5cc6sc7cc(C)sc7c6c(C)c5sc4c3c(C)c2s1,5.59,1.52,4.06,427.13533,0.582642
1083,Cc1scc2c1C(=O)c1c(C)[se]c(C)c1C2=O,6.65,2.32,4.33,209.325,0.447106
1084,Cc1sc(C)c2cc3c(cc12)C(=O)NC3=O,6.04,2.48,3.56,184.991,1.986637
1085,Cc1cc2c(s1)c1sc(C)cc1c1c3sc(C)cc3c3ccsc3c21,5.45,1.53,3.92,352.601,0.775074
1086,Cc1ccc(C2(C)c3cc4c(cc3-c3sccc32)sc2cc3c(cc24)C(C)(C)c2cc(C)sc2-3)cc1,5.28,1.75,3.53,511.884,1.78197
1087,Cc1ccc(-c2cc(C)c(C)c3n[se]nc23)[se]1,2.97,0.7,2.27,202.81233,0.921527
1088,Cc1cccc2c1=NC(C)C(C)N=2,6.16,2.8,3.36,145.86933,0.181954
1089,CCCCC(CC)CCCOC(C)=O,7.69,0.05,7.64,151.99167,0.738477
1090,CCCCCCCC[C@H](CC)CCCCC,7.99,0.05,7.93,194.06467,0.055588
1091,Cc1scc2c1CC(C)(C)C2,6.07,0.45,5.62,133.40867,0.565657
1092,Cc1cc2c(C)c3oc(C)cc3cc2o1,5.44,0.89,4.55,167.662,0.086127
1093,Cc1ccc(-c2nc3cc4sc(C)nc4cc3s2)s1,5.67,2.07,3.6,286.118,0.666106
1094,CNc1ccccc1,5.52,0.29,5.23,91.82367,0.660353
1095,Cc1nc2cc3nn(C)nc3c(C)c2nc1C,5.93,2.43,3.5,198.143,0.326669
1096,CCCCCC[C@@H](C)CCCC,8.21,-0.02,8.23,145.95667,0.04974
1097,Cc1ccc2c(c1)-c1c(F)cc(F)cc1C2C,6.2,1.28,4.93,177.73833,0.933535
1098,Cc1ccc(-c2cnc3c(C)c(C)c(C)c(C)c3n2)cc1,6.03,2,4.02,267.24367,0.388252
1099,Cc1cccc2nc3c4ccccc4c4ccccc4c3nc12,6.29,2.54,3.75,289.587,0.181388
1100,Cc1ccc2c(c1)OC(C)(C)c1ccccc1-2,5.82,1.23,4.59,196.53967,0.21267
1101,CCCCC(CC)C(C)=O,6.78,0.69,6.09,110.95333,1.198283
1102,Cc1cccc2c1=NC(C)(C)N=2,6.41,2.75,3.67,133.62967,0.603508
1103,Cc1cc(-c2cc(C)c(C)c3nc4c(nc23)-c2cccc3cccc-4c23)sc1C,5.39,2.31,3.08,395.91667,0.373518
1104,CCCC=O,7.19,1.12,6.07,51.65633,1.082703
1105,Cc1nncc2nonc12,7.52,3.61,3.91,85.712,0.545725
1106,Cc1nncc2nn(C)nc12,6.7,2.32,4.38,105.327,2.454884
1107,Cc1ccc2c3ccccc3c3nc4c(C)ccc(C)c4nc3c2c1,6.09,2.45,3.64,318.60733,0.327487
1108,Cc1cccc(-c2cnc3c(C)c(C)c(C)c(C)c3n2)c1,6.07,2.03,4.04,264.40433,0.366412
1109,C=C1C(=O)N(C)c2cc(C)ccc21,6.02,2.05,3.97,145.154,1.49783
1110,Cc1scc2nccnc12,6.24,2.54,3.7,116.103,0.331385
1111,Cc1ccc2c(c1)sc1ccccc12,6.05,1.28,4.77,175.92867,0.54037
1112,CNc1ccc2c(c1)C(C)(C)c1cc(C)ccc1-2,5.1,0.81,4.29,224.475,0.769421
1113,Cc1ccc(-c2cnc3c(C)ccc(C)c3n2)cc1,6.23,2.18,4.05,236.16033,0.436825
1114,Cc1sc(C)c2c(=O)[nH]sc12,6.38,1.31,5.07,132.446,1.886089
1115,CCCCCC(CC)CCC,8.04,0.11,7.93,135.16333,0.049338
1116,Cc1cc2sc3c4sc5ccsc5c4c(=O)n(C)c(=O)c3c2s1,5.93,2.26,3.67,299.281,2.335991
1117,Cc1cc2c3ccsc3c3nc4c(C)ccc(C)c4nc3c2s1,5.9,2.58,3.31,309.715,0.984486
1118,CCCCCC[C@@H](CC)CCCC,8.1,-0.01,8.11,157.74233,0.036618
1119,Cc1[se]c(C)c2c1C(=O)NC2=O,6.95,1.95,5,132.027,1.134335
1120,CCCCCCCC=O,7.16,1.09,6.07,99.256,1.25468
1121,CCCCCCCC(C)=O,6.88,0.71,6.17,112.36267,1.30565
1122,Cc1sc(C)c2c1CNC2=O,6.35,1.18,5.17,120.677,1.645754
1123,CCCC[C@@H](C=O)CC,7.03,1.02,6.01,100.595,1.240037
1124,Cc1c(F)ccc2nn(C)nc12,6.47,1.73,4.74,116.53933,1.059115
1125,Cc1sc(C)c2scnc12,5.83,1.37,4.47,126.396,0.448917
1126,CC1=CC2c3sccc3-c3cc(C)sc3C2S1,5.63,1.16,4.48,219.273,0.550639
1127,Cc1ccc(-c2cc(C)c(C)c3nonc23)s1,5.87,2.63,3.24,207.10633,1.730962
1128,CC1(C)c2ccccc2-c2ccccc21,6.07,1.2,4.87,175.73533,0.186132
1129,Cc1cc2c(ccc3c4cc(C)sc4c(C)cc23)s1,5.56,1.37,4.2,259.06567,0.253973
1130,Cc1ccc2c(c1)[Ge](C)(C)c1ccccc1-2,5.95,1.21,4.74,210.71867,0.273043
1131,CCc1csc(C)c1,6.18,0.46,5.72,100.13667,0.447262
1132,Cc1cc[se]c1C,6.12,0.64,5.48,94.11867,0.382813
1133,C=CCCCCCCCCCO,7.04,0.1,6.93,139.57333,0.765899
1134,Cc1cc2c3cc(C)sc3c3sccc3c2s1,5.66,1.31,4.35,231.041,0.994
1135,Cc1cc2c(C)c3sc4c(sc5c(C)c6c(sc7ccsc76)c(C)c54)c3c(C)c2s1,5.56,1.68,3.88,462.40333,1.773592
1136,CCCCC(CC)COOC,6.67,0,6.67,121.06933,0.735175
1137,Cc1cc2ncc3cc(C)cc4c3c2c(c1)c(=O)n4C,6.13,2.17,3.96,231.17867,1.294933
1138,Cc1sc(C)c(C)c1C,5.78,0.21,5.57,112.85133,0.40928
1139,Cc1cc2c(=O)n(C)c3cccc4c(=O)n(C)c(c1)c2c43,6.11,2.09,4.02,230.733,0.329941
1140,Cc1ccc2nsnc2c1C,5.25,0.19,5.06,114.25433,1.153907
1141,Cc1scc2cc3c(cc12)C(=O)N(C)C3=O,6.2,2.47,3.73,184.998,1.404951
1142,CCCC[C@@H](C)CC,8.29,-0.14,8.43,98.946,0.037609
1143,Cc1nccc2nccnc12,7.17,2.66,4.52,113.681,0.758673
1144,Cc1scc2c3c(sc12)C(=O)N(C)C3=O,6.25,2.92,3.33,170.319,1.202886
1145,Cc1ccc2c(c1)Cc1cc(C)ccc1-2,5.77,1.01,4.76,183.38833,0.227236
1146,Cc1cc2cc3sccc3c(C)c2s1,5.54,1.29,4.26,187.53567,0.477944
1147,CCCCCCCCCCCC[C@H](C)CCCCCCCCCC,7.95,0.09,7.86,290.82133,0.035287
1148,CCn1c2cc3c(cc2c2cc4c(cc21)-c1ccc(C)cc1C4C)Cc1cc(C)ccc1-3,5.24,1.52,3.72,450.52667,0.328963
1149,Cc1ccc2c(c1)C(=O)c1c(csc1C)C2=O,6.99,2.81,4.18,193.91333,0.574217
1150,Cc1scc(C#N)c1C,6.89,1.53,5.36,103.485,1.845416
1151,Cc1cc2c(C)cc3cc4c(cc3c2s1)c(C)c(C)c1cc(C)sc14,5.23,1.79,3.43,358.171,0.098967
1152,Cc1nc2ccc(F)c(C)c2nc1C,6.68,2.09,4.59,148.956,1.014538
1153,CCCCCC[C@H](C)CCCC,8.12,-0.05,8.17,146.88467,0.052916
1154,Cc1cc2c(cc(C)c3sc(C)cc32)s1,5.62,1.07,4.55,200.181,0.807308
1155,Cc1cc2c3c4c(cccc4n(C)c3c1)CC2,5.56,0.82,4.74,200.487,0.389236
1156,Cc1nncc2nccnc12,6.92,3.08,3.84,107.20133,1.904516
1157,Cc1ccc(-c2ccc(C)[se]2)[se]1,4.83,2.11,2.72,216.30467,1.731002
1158,Cc1ccc[nH]1,5.65,0.11,5.54,64.76433,0.789448
1159,CCCCCCCC(N)=O,7.13,0.26,6.87,108.745,1.130697
1160,Cc1cc2sc3cc4c(cc3c2s1)N(C)C(=O)C4C,5.72,1.4,4.33,236.85467,1.946666
1161,C=Nc1c(F)cccc1F,6.81,0.68,6.12,90.12367,0.905971
1162,Cc1nccc2nonc12,7.49,3.15,4.34,91.27533,0.662122
1163,Cc1c(C#N)ccc2nsnc12,6.16,1.28,4.88,141.30833,1.575437
1164,Cc1cc2c(s1)-c1sc(C)cc1SN2,5.38,1.65,3.73,190.29967,0.370913
1165,C#Cc1c2cc(C)sc2c(C)c2cc(C)sc12,5.49,1.53,3.96,232.75533,0.411833
1166,Cc1cc(F)c(C)c2nsnc12,6.64,2.66,3.99,126.377,0.478982
1167,CCCCC(CC)CO,7.54,0.15,7.38,101.49467,0.616728
1168,Cc1cc2cnc3cc(C)cc4c(C)nc(c1)c2c34,6.17,2.26,3.9,231.11567,0.230108
1169,C=Cc1cc(C)sc1C,5.86,0.93,4.93,118.49767,0.134288
1170,CCCC[Si],8.19,0.13,8.06,75.99133,0.277527
1171,Cc1cc2c(ccc3nonc32)c2nonc12,7.04,3.44,3.61,167.152,0.386914
1172,Cc1c(F)c(F)cc2n[se]nc12,5.9,1.56,4.34,131.32433,0.698824
1173,C=C1c2cc3c(cc2-c2sc(C)cc21)C(C)c1cc(C)sc1-3,5.13,1.88,3.25,314.928,0.162695
1174,Cc1cc(F)cc(-c2cnc3c(C)ccc(C)c3n2)c1,6.42,2.36,4.05,233.21667,0.591608
1175,Cc1cccs1,6.35,0.6,5.75,73.92733,0.372154
1176,Cc1ccc(S)cc1,6.02,0.65,5.37,102.351,0.92838
1177,*C(=O)NCCCCCCNC(C)=O,6.95,0.44,6.5,130.82233,2.603986
1178,*CC(*)(C)C(=O)OCC,7.57,0.09,7.48,79.75267,0.732565
1179,*OC(=S)OC,6.54,1.15,5.39,52.85967,1.199249
1180,*CCC(=O)C(*)=S,6.81,3.78,3.03,69.328,0.658636
1181,*NC(=O)NC(*)=S,6.02,1.97,4.05,66.03767,2.326859
1182,*NC(F)(F)CC(*)(F)F,8.52,0.21,8.31,47.64,1.143878
1183,*Sc1ccc(C)cc1,6.02,0.65,5.37,102.34533,0.915605
1184,*C(=O)NC(F)(F)C(*)(F)F,8.17,1.05,7.13,50.10533,2.084183
1185,*CC(O)COC,7.5,-0.08,7.58,60.111,1.103931
1186,*CC1CC(*)OC(CCC)O1,7.3,0.04,7.26,101.81533,0.688758
1187,CC(=O)O,8,0.3,7.71,31.88967,0.859477
1188,*N1CCNCC1,5.68,0.2,5.48,63.51833,0.48798
1189,CC=CC(N)=O,7.13,1.15,5.99,62.59033,1.491616
1190,*CC(=O)CC(*)=S,6.53,2.78,3.75,71.95,0.822469
1191,*OC(C)CCC(C)OC(=O)CCCCC(*)=O,7.24,1.07,6.17,156.71033,1.280149
1192,*NCNC(=O)OC(=O)NC(*)=O,7.43,1.41,6.02,87.56367,3.493226
1193,*OC1C(CO)OC(*)C(O)C1O,7.31,0.39,6.92,90.735,1.906275
1194,*NOC(=O)NCC(=O)NC(*)=O,7.44,1.62,5.81,87.35,3.054842
1195,*C(=S)C(=O)C(F)(F)C(*)(F)F,7.22,4.39,2.83,70.65,1.052209
1196,*CCOC(=O)CCCCCCC(=O)O*,7.69,0.41,7.28,133.835,1.228006
1197,*CC(=O)NCCCCCCNC(=O)CO*,6.83,0.49,6.34,147.05967,2.682452
1198,*NC(CCC(=O)OCCC)C(*)=O,6.85,1.28,5.57,113.80167,1.908687
1199,*CNC(=S)C(*)=O,6.51,2.89,3.62,71.658,2.291712
1200,*NC(=O)C(C)=S,6.69,3.28,3.4,66.643,0.522825
1201,*CNC(=O)C(*)=S,6.91,3.53,3.38,67.16333,1.04066
1202,*OC(F)(F)C(=O)C(*)(F)F,8.62,2.77,5.85,45.06,1.280103
1203,*CC(*)(CC(=O)OCCC)C(=O)OCCC,7.64,0.19,7.45,145.84533,0.152413
1204,*C(F)(F)C(=O)C(F)F,8.64,2.99,5.65,40.68833,0.640249
1205,*CC(=O)OC(*)=S,6.75,2.61,4.14,64.01733,1.219693
1206,*C(=S)C(F)(F)NC(*)(F)F,8.84,3.44,5.39,66.54833,0.247802
1207,*CCCCCNC(=O)CCCCCC(=O)N*,6.95,0.36,6.6,167.19833,1.658934
1208,*CC(*)(C)C(=O)OCCCl,7.86,0.38,7.47,90.18667,0.751323
1209,*C(=O)CCCCC(N)=O,7.24,1.14,6.1,87.15433,1.858117
1210,*NC(=S)C(=O)O*,6.37,2.75,3.62,60.773,0.69607
1211,*C(F)(F)NC(F)F,8.79,0.02,8.77,36.50433,0.480014
1212,*NC(C)C(*)=O,6.85,1.24,5.61,49.09533,1.44133
1213,*c1ccc(N)s1,5.6,0.37,5.23,71.93267,0.670579
1214,*Nc1ccc(C)s1,5.41,0.32,5.09,85.79667,0.294435
1215,*C(F)(F)CC(F)F,9.92,0.17,9.75,39.314,1.153507
1216,*Oc1ccc(C)s1,5.94,0.58,5.36,79.56533,0.716091
1217,Clc1ccccc1,7.48,0.86,6.62,79.043,0.68322
1218,*C(=O)CC(F)(F)C(*)(F)F,7.93,1.82,6.11,52.56633,1.843201
1219,*C(=S)NC(F)(F)C(*)(F)F,6.53,2.18,4.35,67.77333,1.505024
1220,*CC(*)(C)C(=O)OCCC#N,7.89,0.48,7.42,91.916,2.324101
1221,*c1nc2ccccc2o1,6.94,1.26,5.68,86.05733,0.598745
1222,*CC(*)(C)C(=O)OCCCC,7.55,0.1,7.46,104.08033,0.823221
1223,*CC(*)(C)C(=O)OCCO,7.64,0.2,7.44,83.56867,1.135537
1224,CN1C(=O)c2ccccc2C1=O,7.6,2.59,5.01,115.39767,0.865194
1225,*C(F)C(*)(F)F,9.78,-0.12,9.9,27.313,0.795903
1226,*CC(*)(C)C(=O)OCCCCCCCCCCCCCCCCCC,7.53,0.13,7.4,273.74467,0.857293
1227,*CNC(=O)ONC(=O)NO*,7.58,0.25,7.33,77.38267,2.037463
1228,*NCC(F)(F)C(*)(F)F,7.52,0.43,7.09,48.05533,1.454229
1229,CC(N)=O,7.18,0.27,6.9,36.879,1.35971
1230,Cc1ccc(C(=O)Nc2ccccc2)cc1,6.26,1.52,4.74,184.51733,1.605962
1231,*OC(=S)OC(*)=O,6.92,2.22,4.7,54.09333,1.714485
1232,*OC1C(C)(C)C(*)C1(C)C,7.08,0.19,6.89,99.30933,0.552541
1233,*C(C(F)(F)F)C(F)(F)F,11.24,0.19,11.06,40.115,0.781492
1234,Cc1ccccc1C,6.56,0.29,6.27,92.08367,0.25471
1235,*C(=O)C(F)(F)C(=O)C(*)(F)F,8.42,3.26,5.16,53.415,0.411966
1236,*CCCOC(=O)CCCCCCCCOC(=O)CCCOC(=O)CCCCCCCCOC(*)=O,7.62,0.41,7.21,336.18167,1.605337
1237,*NC(=O)NC,7.12,0.34,6.78,45.55633,1.571563
1238,*NC(=O)C(=S)C(*)=O,7.12,4.32,2.79,67.81833,1.392494
1239,*NC(=O)OC,7.81,0.14,7.67,40.23567,0.685841
1240,CC1(C)OC(=O)c2ccccc21,7.53,1.73,5.8,118.60633,2.219104
1241,COC(N)=S,6.19,0.66,5.53,58.30867,1.315924
1242,CCCCCC,8.41,-0.12,8.53,74.246,0.026978
1243,*CC(=O)NC(*)=S,6.02,2.19,3.83,68.641,2.273465
1244,*C(=S)C=O,6.97,4.12,2.85,44.84,1.263206
1245,*CC(=S)CC(*)=S,6.39,2.88,3.52,91.94767,1.121039
1246,*NC(=S)NC(*)=S,6.58,2.69,3.9,89.77033,1.004152
1247,*C(=O)C(=S)OC(*)=S,7.11,4.2,2.91,87.216,1.075987
1248,CCOC(C)=O,7.72,0.09,7.64,55.52533,0.785974
1249,C=CC(=O)C=CC,7.09,2.23,4.86,79.24967,1.434937
1250,CC(N)=S,5.89,1.22,4.67,55.27333,1.291103
1251,*OCCC(=O)CC(=O)OC,7.31,1.27,6.03,85.47333,1.040755
1252,*CC(*)(C)C(=O)OCCCCCCCCCCCC,7.49,0.1,7.39,199.46933,0.767621
1253,CCCC,8.84,-0.15,8.99,50.27733,0.052272
1254,*Oc1c(C)cc(*)cc1-c1ccccc1,6.08,0.91,5.18,158.976,0.738297
1255,*OC(C)C(*)=O,7.28,1.53,5.75,44.081,0.964095
1256,*C(=O)NC(=O)NC(N)=O,7.63,1.39,6.24,71.18133,1.867633
1257,*OC(=S)C(F)(F)C(*)(F)F,7.35,2.84,4.51,62.29933,0.791431
1258,CCCCC,8.6,-0.24,8.84,62.81667,0.043719
1259,*NCCCNC(=O)NC(*)=O,6.81,0.81,5.99,93.51433,1.529993
1260,*CC(*)(CC(=O)OCCCC)C(=O)OCCCC,7.63,0.17,7.45,169.69033,0.200415
1261,CNC=O,7.31,0.24,7.07,36.95933,1.619319
1262,*NOC(F)(F)C(*)(F)F,8.47,0.42,8.05,41.865,1.450002
1263,*CC(=O)NC,7.01,0.26,6.76,48.715,1.5755
1264,Cc1cccc(C)c1,6.56,0.36,6.19,93.09267,0.14795
1265,C[SH](=O)=O,8.68,0.72,7.96,39.778,2.29321
1266,*c1ccc(O)s1,6.17,0.66,5.52,65.91267,0.530811
1267,*CCC(O*)(C(F)(F)F)C(F)(F)F,9.2,0.25,8.95,67.41333,0.652864
1268,*NC(=O)NC(C)=O,7.26,0.78,6.48,59.56133,2.52617
1269,*C1(C)OCC2C(=O)N(C)C(=O)C21,7.6,1.17,6.43,105.092,0.803691
1270,*OCC(C)=S,6.3,2.44,3.86,61.64767,0.251569
1271,*CCOCCOC(=O)NC,7.03,0.01,7.03,93.11533,0.495338
1272,*CCOC(=O)NCCOCCOCCNC(=O)O*,7.13,0.4,6.73,162.55967,0.937292
1273,*C(F)(F)C(F)(F)C=O,8.65,2.79,5.86,40.54667,0.833406
1274,c1ccccc1,7.08,0.48,6.6,66.17833,0.004706
1275,*NC(=S)OC(*)=S,6.63,2.27,4.37,76.25633,1.637762
1276,*OC(F)(F)C(=S)C(*)(F)F,7.35,3.78,3.58,60.56833,1.262205
1277,*CC(=O)C(=S)C(*)=O,7.1,4.18,2.91,72.36967,0.75074
1278,*CC(*)C(=O)NCCCCCCCCCCCC,6.94,0.24,6.7,193.67467,1.444693
1279,*CC(=O)OC(*)=O,8.16,1.53,6.63,45.21133,1.740516
1280,*OCC(F)(F)C(*)(F)F,8.55,0.26,8.29,43.71467,0.673478
1281,CC1CCCCC1,8.06,-0.05,8.1,80.83433,0.069364
1282,*C(=O)ONC=O,7.92,1.34,6.58,44.80467,1.675689
1283,*C(F)(F)C(*)(F)Cl,9.2,0.67,8.53,38.98233,1.101862
1284,*C(=O)NCCNC(C)=O,7.25,0.51,6.73,84.52267,2.47993
1285,CC(=O)S,7.64,1.08,6.56,47.56767,1.493264
1286,*Nc1cccs1,5.6,0.37,5.23,71.932,0.618045
1287,*OC(C)CC(*)=O,7.24,1.1,6.14,56.65,1.632894
1288,CC(O)=S,6.6,1.83,4.78,49.032,0.949521
1289,*CC(=O)C(=S)O*,7,3.06,3.94,63.25467,1.637019
1290,CCCCOC,7.14,-0.12,7.26,67.34133,0.474556
1291,*CC(*)(C)C(=O)OCCCCCCCC,7.54,0.08,7.46,152.88033,0.676928
1292,*Oc1c(C)cc(*)cc1C,6.11,0.26,5.85,97.374,0.580062
1293,*CNCNC(=O)NC(=O)N*,6.75,0.58,6.17,90.653,2.252445
1294,*OC(F)(F)NC(*)(F)F,8.88,0.38,8.5,40.49,0.907177
1295,*CC(*)(CC(=O)OCC)C(=O)OCC,7.57,0.26,7.31,121.14167,1.227227
1296,*CC(*)(C)C(=O)OCC(F)(F)F,8.25,0.62,7.64,80.544,1.495545
1297,*Oc1cccs1,6.05,0.41,5.64,65.49433,0.775623
1298,Cc1ccc2nccc(C)c2c1,6.88,1.63,5.25,138.78767,1.126308
1299,CC=O,7.34,1.11,6.23,28.39667,1.167701
1300,CCC=S,6.25,2.41,3.84,56.97233,0.759189
1301,Cc1cccc(O)c1,6.27,0.47,5.81,85.00533,0.713312
1302,*CC(*)(C)C(=O)OCCC(C)CC(C)(C)C,7.53,0.13,7.4,165.15633,0.783597
1303,*CC(=O)CC(*)=O,7.32,1.67,5.65,53.986,1.892158
1304,*OC(=O)C(F)(F)C(*)(F)F,8.95,1.65,7.3,45.31733,0.781619
1305,*c1cc(C)c2cc(O)ccc2n1,6.26,1.69,4.57,130.41133,1.427443
1306,*OC=S,6.64,2.05,4.59,36.734,1.109668
1307,CCOC(=O)CC,7.61,0.23,7.37,67.38633,0.768343
1308,*CNC(C)=S,5.73,0.96,4.78,67.367,1.624785
1309,*C(=O)CCCCCCCCC(N)=O,7.17,0.97,6.2,134.72333,1.606256
1310,CCCCNC(=O)OCC,7.14,0.05,7.09,104.57867,1.042221
1311,CCCCCCCC,8.29,-0.16,8.45,99.172,0.05094
1312,*C(=S)C(F)(F)CC(*)(F)F,7.19,3.53,3.67,68.74667,1.355474
1313,CC(F)F,9.63,-0.08,9.71,27.14533,1.032754
1314,*OS(C)(=O)=O,8.71,0.61,8.1,42.91367,2.581721
1315,*OC(=O)OC(*)=O,8.76,1.52,7.24,37.33333,1.224448
1316,CC,9.15,-0.26,9.42,26.42067,0.01664
1317,C1CO1,7.68,-0.3,7.98,26.39433,0.854081
1318,CCC(C)C,8.61,-0.14,8.75,62.70333,0.060583
1319,*Oc1ccc(C)cc1,6.14,0.53,5.61,84.84167,0.50084
1320,O=CO,8.44,0.7,7.74,20.334,0.79593
1321,*C(=S)CC(F)(F)C(*)(F)F,6.78,2.99,3.79,69.57733,1.222408
1322,*C(=O)C(F)(F)NC(*)(F)F,8.63,2.66,5.97,49.022,0.784627
1323,CC1(C)CCCCC1,7.8,0.09,7.71,92.66733,0.079316
1324,*CC(C)(C)C(=O)O*,7.76,0.23,7.53,67.452,0.799966
1325,Cc1ccc2ccccc2c1,6.69,1.28,5.41,131.62,0.180773
1326,*CC(=S)C(=O)O*,6.64,3.25,3.38,62.682,0.379465
1327,*CC(*)(Cl)Cl,8.46,0.69,7.77,49.62833,0.879227
1328,*c1ccc2c(c1)c1ccccc1n2C,5.67,1.13,4.54,165.40767,0.750858
1329,Cc1ccc(C)cc1,6.44,0.4,6.05,93.20933,0.036083
1330,*CCC(=O)OC(=O)CC,7.85,1.08,6.77,81.032,1.706333
1331,c1ccncc1,7.22,1.13,6.09,61.02833,0.930692
1332,*NC(=O)OC(*)=S,6.79,2.17,4.62,58.11533,1.794159
1333,*CCCCCCOC(=O)CCCCC(=O)O*,7.74,0.31,7.43,157.30567,0.417236
1334,*c1nc2cc3ncoc3cc2o1,6.95,1.66,5.29,107.608,1.133625
1335,*C(=S)OC(C)=S,5.69,2.61,3.08,79.13333,1.215097
1336,CO[SH](=O)=O,9.24,0.65,8.59,43.239,2.108928
1337,*C(F)(F)C(N)(F)F,8.61,0.17,8.45,36.51067,0.506892
1338,CNC(=O)C=S,6.61,3.34,3.27,68.681,1.817973
1339,*N1C(=O)c2ccc(O)cc2C1=O,7.22,2.62,4.6,109.07267,1.410379
1340,*CC(*)(Cl)C(=O)OC,7.98,1.24,6.74,67.72367,0.543567
1341,CNC(N)=S,5.8,0.56,5.24,64.90033,1.813267
1342,*C(=O)C(F)(F)CC(*)(F)F,8.55,2.63,5.92,51.795,1.233599
1343,CCc1ccc(C)cc1,6.45,0.37,6.08,106.18633,0.045174
1344,CC=S,6.3,2.42,3.88,44.18767,0.732047
1345,Cc1cc(Br)cc(Br)c1,6.99,1.13,5.86,122.94833,0.880486
1346,*CCOC(=S)NC(C)=S,6.11,2.34,3.76,121.784,0.929108
1347,*ON(C(F)(F)F)C(F)(F)C(*)(F)F,9.17,0.68,8.49,54.035,0.94563
1348,*NC(CCSC)C(*)=O,6.36,1.37,4.99,93.423,0.903859
1349,*OC(F)(F)CC(*)(F)F,9.84,0.23,9.61,43.63933,1.595307
1350,*Nc1cccc(C)c1,5.69,0.29,5.4,91.73167,0.349648
1351,CC(C)C(F)(F)F,9.9,0.07,9.83,50.43533,0.957382
1352,*OC(F)(F)OC(*)(F)F,10.36,0.34,10.02,36.60533,0.767773
1353,CCC,8.98,-0.22,9.2,38.55333,0.033154
1354,FC(F)F,11.35,-0.13,11.48,16.11867,0.739886
1355,*C(=O)NONC(N)=O,7.57,0.68,6.89,62.78133,2.059943
1356,*C(=S)C(C)(F)F,6.9,3.21,3.7,55.89433,0.919895
1357,*CC(=S)OC(*)=S,6.79,3.15,3.64,88.03533,1.497196
1358,Cc1ccc(O)cc1,6.14,0.54,5.6,84.848,0.727146
1359,*CC(*)(C)C(=O)OCCC,7.59,0.06,7.52,91.652,0.698383
1360,*C(F)(F)C(C)(F)F,9.71,0.15,9.56,39.475,1.308055
1361,*CC(=S)C(=O)C(*)=S,6.64,4.11,2.53,94.47467,0.77895
1362,*CC(=O)CC,6.94,0.8,6.14,51.73067,1.256004
1363,*OC(C)(F)F,9.37,0.35,9.02,31.496,1.561425
1364,CC(C)C,8.82,-0.12,8.94,50.97833,0.079117
1365,*NC(=O)C(=S)O*,6.92,2.96,3.96,58.75733,0.882986
1366,*CCCCCCNC(=S)NC,5.58,0.45,5.13,140.05167,1.868635
1367,*c1c(Br)cccc1Br,7.07,1.22,5.85,108.61067,0.61742
1368,*NC(F)(F)NC(*)(F)F,8.36,0.4,7.96,44.79133,0.673097
1369,*CCOCCOC(C)=O,7.39,0.07,7.32,85.05367,1.331488
1370,*CC(=S)NC(*)=S,6.43,3,3.43,93.97067,1.661459
1371,*C(=S)C(=O)CCNC,6.36,3.71,2.65,92.59267,1.159096
1372,Cc1ccc2c(c1)C(=O)NC2=O,7.56,2.6,4.96,116.73433,1.503747
1373,*CC(*)(CC(=O)OC)C(=O)OC,7.67,0.33,7.34,96.574,1.243385
1374,*CC(CCl)(CCl)CO*,7.93,0.74,7.19,89.479,1.09622
1375,*CC(=O)C(C)=S,6.57,3.51,3.06,69.84467,0.418791
1376,*c1ccc(N)cc1,5.78,0.37,5.41,78.224,0.524527


